family,x_value,method,n,ratio,ci95_low,ci95_high
catalogue_size,30.0,pointer_lstm,24,1.0,1.0,1.0
catalogue_size,45.0,pointer_lstm,24,0.7518570541337825,0.5542351280615673,1.0199444265249356
catalogue_size,60.0,pointer_lstm,24,0.5558210501057219,0.4074323535302531,0.7582535777137002
catalogue_size,75.0,pointer_lstm,24,0.46001412206937303,0.2986041191891313,0.7086740567340386
catalogue_size,90.0,pointer_lstm,24,0.316707336967071,0.19205264203943753,0.5222710618486403
catalogue_size,105.0,pointer_lstm,24,0.2668936290172118,0.1823226277397307,0.3906931909278015
catalogue_size,120.0,pointer_lstm,24,0.2111049024255934,0.14464155345316448,0.30810841534932587
catalogue_size,30.0,flat_lstm,24,1.0,1.0,1.0
catalogue_size,45.0,flat_lstm,24,1.4516248091280828,0.9602542663111084,2.194433974837906
catalogue_size,60.0,flat_lstm,24,1.2962609264312779,0.8683036650737387,1.9351437256109933
catalogue_size,75.0,flat_lstm,24,2.055255952576155,1.1210302130456669,3.7680313888450425
catalogue_size,90.0,flat_lstm,24,2.2659112408498787,1.3187759699096273,3.8932721467177496
catalogue_size,105.0,flat_lstm,24,2.7265634944746933,1.7305472732844367,4.295836701006524
catalogue_size,120.0,flat_lstm,24,2.3976137210343964,1.6632251336598567,3.4562678491052856
inclination_shift,-30.0,pointer_lstm,24,1.4065328779313615,1.0715067756859982,1.846310990833737
inclination_shift,-20.0,pointer_lstm,24,1.1387886381806642,0.9434877685021704,1.374516560514784
inclination_shift,-10.0,pointer_lstm,24,1.0179017869389493,0.8740495345082923,1.185429437287431
inclination_shift,0.0,pointer_lstm,24,1.0,1.0,1.0
inclination_shift,10.0,pointer_lstm,24,1.1992019309862598,1.076798469292534,1.335519423821255
inclination_shift,20.0,pointer_lstm,24,1.231517738779834,1.1005359191178983,1.378088542666567
inclination_shift,30.0,pointer_lstm,24,1.5839155729714491,1.3642241725016195,1.8389855515468778
inclination_shift,40.0,pointer_lstm,24,1.7844399106354434,1.5012329842526493,2.1210736961350576
inclination_shift,50.0,pointer_lstm,24,2.1996380134920024,1.9592029398934343,2.4695794865754004
inclination_shift,60.0,pointer_lstm,24,2.4189595742888885,2.0803731356976582,2.812651885202128
inclination_shift,70.0,pointer_lstm,24,2.6555420355168073,2.349420218922273,3.001550529616026
inclination_shift,80.0,pointer_lstm,24,2.9405551860601022,2.380389595241228,3.632541840861429
inclination_shift,90.0,pointer_lstm,24,3.52292392416711,3.1692565117352713,3.9160582078203463
inclination_shift,-30.0,flat_lstm,24,1.0324266643213214,0.8757807195469529,1.2170909834062684
inclination_shift,-20.0,flat_lstm,24,1.0143392618713718,0.8316362809545137,1.237180437814538
inclination_shift,-10.0,flat_lstm,24,0.9646284337397824,0.845797881170239,1.1001541099769871
inclination_shift,0.0,flat_lstm,24,1.0,1.0,1.0
inclination_shift,10.0,flat_lstm,24,1.0037177505877575,0.8672359197586759,1.1616785004999433
inclination_shift,20.0,flat_lstm,24,1.0350828085716317,0.8780132647346804,1.2202508363290998
inclination_shift,30.0,flat_lstm,24,1.1064479992114276,0.9236486819649024,1.3254251306401914
inclination_shift,40.0,flat_lstm,24,1.2629521480265682,0.975521368172843,1.6350724650885473
inclination_shift,50.0,flat_lstm,24,1.1776493438102433,0.9371726488556638,1.4798318950837093
inclination_shift,60.0,flat_lstm,24,1.2009389308282616,1.0053600501194593,1.4345649754111038
inclination_shift,70.0,flat_lstm,24,1.2116241112596582,0.9285712583529535,1.5809588911783348
inclination_shift,80.0,flat_lstm,24,1.0646204635084415,0.783306592472699,1.4469643715662108
inclination_shift,90.0,flat_lstm,24,1.47590812244111,1.0788247930520367,2.019146018812874
eccentricity,0.005,pointer_lstm,24,1.0,1.0,1.0
eccentricity,0.01,pointer_lstm,24,1.0348304337488519,0.8329445344417203,1.2856486624653687
eccentricity,0.02,pointer_lstm,24,1.0290158240645821,0.7623281597077067,1.3889996751284988
eccentricity,0.03,pointer_lstm,24,1.0949341527932368,0.9161188335854653,1.3086520601927991
eccentricity,0.04,pointer_lstm,24,1.0769625436983852,0.9314952945539303,1.2451467305422284
eccentricity,0.05,pointer_lstm,24,1.1203372503862756,0.9060057186779384,1.3853726623653415
eccentricity,0.055,pointer_lstm,24,0.9849330597465883,0.7682211506440626,1.2627784738398156
eccentricity,0.005,flat_lstm,24,1.0,1.0,1.0
eccentricity,0.01,flat_lstm,24,0.9795089674684355,0.7713029409858986,1.2439182665694277
eccentricity,0.02,flat_lstm,24,1.0465354277757373,0.7814957627608768,1.4014617273425545
eccentricity,0.03,flat_lstm,24,1.0198912044786326,0.8311141314917833,1.2515466042020482
eccentricity,0.04,flat_lstm,24,1.0441171977932513,0.8672832687642493,1.257006519082258
eccentricity,0.05,flat_lstm,24,1.002734979217456,0.801829697975631,1.253978795104182
eccentricity,0.055,flat_lstm,24,0.9227033762459139,0.7244019946635967,1.175288757909867
initial_uncertainty,0.5,pointer_lstm,24,1.6777116031084431,1.3804609194723678,2.0389684224313482
initial_uncertainty,1.0,pointer_lstm,24,1.0,1.0,1.0
initial_uncertainty,1.5,pointer_lstm,24,0.46943736960384247,0.33223646732007406,0.6632969756696528
initial_uncertainty,2.0,pointer_lstm,24,0.26115396985672834,0.15703541744631538,0.4343058214574079
initial_uncertainty,3.0,pointer_lstm,24,0.18255451353958618,0.10601247122433541,0.3143606599185178
initial_uncertainty,4.0,pointer_lstm,24,0.1676817430042807,0.10767034106129716,0.26114124521019605
initial_uncertainty,0.5,flat_lstm,24,1.2534512061390564,0.9515638198497623,1.651113560012732
initial_uncertainty,1.0,flat_lstm,24,1.0,1.0,1.0
initial_uncertainty,1.5,flat_lstm,24,1.645553551776849,0.8706236773911507,3.1102375941342926
initial_uncertainty,2.0,flat_lstm,24,3.4178605103376305,1.8535417082023884,6.302404966896959
initial_uncertainty,3.0,flat_lstm,24,3.3976868560791393,2.5349778053868794,4.553994889991197
initial_uncertainty,4.0,flat_lstm,24,3.605695186287616,2.4762983952923228,5.250190284472132
measurement_noise,25.0,pointer_lstm,24,0.8316538184149481,0.6366274740550094,1.0864251102433569
measurement_noise,50.0,pointer_lstm,24,1.0,1.0,1.0
measurement_noise,60.0,pointer_lstm,24,1.1603846413839343,1.0217040353793336,1.3178890063400817
measurement_noise,70.0,pointer_lstm,24,1.142841506452616,1.00681912398642,1.2972406639432303
measurement_noise,80.0,pointer_lstm,24,1.2111461754363144,1.0337776704502082,1.4189463558786197
measurement_noise,90.0,pointer_lstm,24,1.2778869485487852,1.0415780308092895,1.567808656642378
measurement_noise,100.0,pointer_lstm,24,1.3789799632400537,1.104570260915855,1.721561593954955
measurement_noise,150.0,pointer_lstm,24,1.5263373691679438,1.2787418340480614,1.8218734247111197
measurement_noise,200.0,pointer_lstm,24,1.4704075960172944,1.1742000956334606,1.8413373550774106
measurement_noise,25.0,flat_lstm,24,0.9703280649377538,0.727461935594566,1.2942760404863156
measurement_noise,50.0,flat_lstm,24,1.0,1.0,1.0
measurement_noise,60.0,flat_lstm,24,1.0403538204993608,0.8953660011185975,1.208819712246649
measurement_noise,70.0,flat_lstm,24,1.0170760258897147,0.8887476860023843,1.16393399243893
measurement_noise,80.0,flat_lstm,24,1.006113516957543,0.8543509401727382,1.1848344297485176
measurement_noise,90.0,flat_lstm,24,1.0907478651652234,0.8499860625536214,1.3997063690528901
measurement_noise,100.0,flat_lstm,24,1.1332768597990042,0.9096248232895716,1.411918857173756
measurement_noise,150.0,flat_lstm,24,1.1695331811699075,0.9496809090790541,1.4402815185406064
measurement_noise,200.0,flat_lstm,24,1.1274442496782824,0.8886071555194472,1.4304752423353702
