family,family_label,x_label,x_value,point_label,is_id,method,method_label,num_rso,n,mean_uncertainty_mean,mean_uncertainty_std,mean_uncertainty_ci95,max_uncertainty_mean,max_uncertainty_std,max_uncertainty_ci95,p95_uncertainty_mean,p95_uncertainty_std,p95_uncertainty_ci95,fine_custody_mean,fine_custody_std,fine_custody_ci95
catalogue_size,Catalogue size,Number of RSOs,30.0,30,1,expected_info_gain,Expected information gain,30,24,0.8927190415561199,0.7458500213692818,0.2984021562431161,5.932980641722679,11.325777155996525,4.531254578868049,2.5921143741657295,3.5535968216875338,1.4217348309027178,0.1277777777777778,0.059520358768160156,0.02381310302059924
catalogue_size,Catalogue size,Number of RSOs,30.0,30,1,flat_lstm,Flat LSTM,30,24,0.7902335512141386,0.25002438806204147,0.10003058842058987,3.721453512708346,2.2676454420057097,0.9072471275754621,2.450984405229487,1.0961536603546733,0.4385528007669914,0.15416666666666665,0.0459073841849578,0.01836677889091327
catalogue_size,Catalogue size,Number of RSOs,30.0,30,1,pointer_lstm,Attention-LSTM pointer,30,24,0.4133576961855094,0.07142968176044512,0.02857782455773791,1.4396820863087971,0.6849499626650326,0.27403705828506064,0.9408277392387383,0.295762105186387,0.11832948634980903,0.21944444444444444,0.06363897771572145,0.025460893782124936
catalogue_size,Catalogue size,Number of RSOs,45.0,45,0,expected_info_gain,Expected information gain,45,24,1.5251926556229591,1.0311968097292832,0.41256464800969395,14.45115247865518,21.79258428740654,8.718849574520897,4.131553833683331,3.7812791546054547,1.5128267356216318,0.075,0.03975907043974944,0.01590694108671082
catalogue_size,Catalogue size,Number of RSOs,45.0,45,0,flat_lstm,Flat LSTM,45,24,2.448622152209282,2.562733475232237,1.0253069289745138,18.592576096455257,29.62673720904802,11.853163521263657,7.043135211865104,7.822347077000133,3.1295906251682943,0.05740740740740741,0.03136998347629333,0.012550607283554855
catalogue_size,Catalogue size,Number of RSOs,45.0,45,0,pointer_lstm,Attention-LSTM pointer,45,24,0.5541085166235765,0.17389090738747345,0.06957085235478305,3.3266221582889557,4.565193925299879,1.8264579633268945,1.241314836343129,0.3388800737139285,0.1355802665506596,0.17037037037037037,0.04280385887494016,0.01712511016673176
catalogue_size,Catalogue size,Number of RSOs,60.0,60,0,expected_info_gain,Expected information gain,60,24,2.8135442907611528,2.2954862520474433,0.9183857714180356,27.226502964893978,34.465163108318244,13.788937041138542,9.245441408207004,9.760977022689046,3.9052041391144536,0.04305555555555555,0.03143764116156845,0.01257767599521816
catalogue_size,Catalogue size,Number of RSOs,60.0,60,0,flat_lstm,Flat LSTM,60,24,4.453818375865619,5.172886843969731,2.0695857665973776,30.820927619934082,37.88055152247458,15.155376992860964,17.599720170597234,27.610508788535807,11.046504151522065,0.03472222222222222,0.026428586972060665,0.010573636941704902
catalogue_size,Catalogue size,Number of RSOs,60.0,60,0,pointer_lstm,Attention-LSTM pointer,60,24,0.6996785327792168,0.22479931564600647,0.08993845758372991,4.458709354201953,6.628756107887264,2.6520547819679288,1.6120514318346968,0.4973437880258097,0.19897895620967151,0.125,0.036115755925730755,0.014449311703179918
catalogue_size,Catalogue size,Number of RSOs,75.0,75,0,expected_info_gain,Expected information gain,75,24,4.833374162515004,4.820121300483389,1.9284501551357798,39.927508701880775,39.986749861350546,15.998031826660423,19.241434343655893,24.41920751448246,9.769717727824386,0.03,0.020897726571218477,0.008360831924335566
catalogue_size,Catalogue size,Number of RSOs,75.0,75,0,flat_lstm,Flat LSTM,75,24,9.386593451102575,7.982336893104734,3.193599882706299,64.03975703318913,43.48140442594064,17.39618484338095,32.28351719379424,31.991123125613743,12.799114899529751,0.015555555555555557,0.016051447078102563,0.00642191631252441
catalogue_size,Catalogue size,Number of RSOs,75.0,75,0,pointer_lstm,Attention-LSTM pointer,75,24,0.8219723626971245,0.32116234491931955,0.12849169870918417,5.953823884328206,10.40547241011614,4.16305599644083,2.033494003117084,0.7585977948429725,0.30350232783641384,0.10611111111111111,0.03006702121752885,0.012029313811168913
catalogue_size,Catalogue size,Number of RSOs,90.0,90,0,expected_info_gain,Expected information gain,90,24,8.407021328806877,6.989890993875722,2.7965388278029457,64.88204197088878,38.651818558305315,15.46394807275261,33.027418946226426,30.11904545705623,12.050127841881656,0.015277777777777779,0.020673704063879805,0.008271204254802053
catalogue_size,Catalogue size,Number of RSOs,90.0,90,0,flat_lstm,Flat LSTM,90,24,19.113332986831665,11.885220173540448,4.755078401281815,83.51009639104207,38.91706174145275,15.5700674473082,60.42857399533191,38.48696742326865,15.39799388257406,0.008333333333333333,0.013207945038156829,0.005284278562720824
catalogue_size,Catalogue size,Number of RSOs,90.0,90,0,pointer_lstm,Attention-LSTM pointer,90,24,1.1610349367062252,0.6728706330191835,0.2692043199207506,17.20978378256162,32.2760180570802,12.913096610888092,3.206400415301322,2.3234862436416646,0.9295881011453521,0.07453703703703703,0.02209605893279216,0.008840264719595146
catalogue_size,Catalogue size,Number of RSOs,105.0,105,0,expected_info_gain,Expected information gain,105,24,12.376641536752382,7.419241979832025,2.968314997708068,78.01397792498271,34.83865211732234,13.938363765582846,47.6006556590398,31.79461577398112,12.720495584969504,0.007936507936507938,0.013948162977678157,0.005580427416933484
catalogue_size,Catalogue size,Number of RSOs,105.0,105,0,flat_lstm,Flat LSTM,105,24,32.40150043865045,14.141617542109021,5.6578253622405885,105.04342488447826,24.769230009183076,9.909755891208102,87.33537997802098,30.996444151440784,12.40116042857862,0.003174603174603175,0.007251304644065534,0.0029011260700809766
catalogue_size,Catalogue size,Number of RSOs,105.0,105,0,pointer_lstm,Attention-LSTM pointer,105,24,1.5383304730057716,0.7357737805751445,0.2943708203261775,22.817756007115047,31.43985080942644,12.5785600384795,4.006141638755798,1.8893130888441232,0.7558826618981817,0.057539682539682536,0.026116653597332746,0.010448837600073032
catalogue_size,Catalogue size,Number of RSOs,120.0,120,0,expected_info_gain,Expected information gain,120,24,17.11881536245346,9.763358610734404,3.906156972777598,93.1785872777303,21.184232615281037,8.475458214977747,62.387728893756865,33.93865845577528,13.578291309303044,0.00798611111111111,0.011388815246610028,0.004556475067740576
catalogue_size,Catalogue size,Number of RSOs,120.0,120,0,flat_lstm,Flat LSTM,120,24,37.80979287624359,14.75507726983909,5.903260369652531,111.06279277801514,7.5177580433810505,3.0077296319446445,94.85549066464107,19.096180671841967,7.640063451395176,0.0010416666666666667,0.0028152663528840677,0.0011263411222500483
catalogue_size,Catalogue size,Number of RSOs,120.0,120,0,pointer_lstm,Attention-LSTM pointer,120,24,1.8852349321047466,1.2439312660381288,0.49767615655832254,30.222879707813263,36.07159706051321,14.43164447757071,5.707864360014594,4.84337846912669,1.9377549604886444,0.052083333333333336,0.021458025535994258,0.008584998196963583
inclination_shift,Inclination shift,Shift of training band (deg),-30.0,5-55,0,expected_info_gain,Expected information gain,30,24,0.8640650634964308,0.790863690248388,0.3164113745431696,6.919620146354039,15.406537995520502,6.16389894266504,2.2930632012585765,3.309851972990001,1.32421658146838,0.125,0.04636548774796055,0.01855005848743552
inclination_shift,Inclination shift,Shift of training band (deg),-30.0,5-55,0,flat_lstm,Flat LSTM,30,24,0.7557885671655337,0.13926975213634563,0.055719505458529266,3.3897275179624557,1.2004031520625598,0.48026128400303325,2.1984980789323636,0.5830316733141709,0.23326125023845984,0.15972222222222224,0.05105568303065045,0.02042652740941335
inclination_shift,Inclination shift,Shift of training band (deg),-30.0,5-55,0,pointer_lstm,Attention-LSTM pointer,30,24,0.7137346578141054,0.8442028046281455,0.33775146475835416,4.411050448815028,7.716805360121483,3.087365144189731,2.7397657249122838,6.2726375620498125,2.5095776901781246,0.1875,0.07473786719107343,0.029901374383397548
inclination_shift,Inclination shift,Shift of training band (deg),-20.0,15-65,0,expected_info_gain,Expected information gain,30,24,0.8695133477449417,0.6704667820453081,0.2682425792311484,7.7290549998482065,14.878170705294176,5.952508000552557,1.786253906041383,1.1119981983687668,0.4448919362132858,0.11527777777777777,0.065922782135684,0.02637460584732439
inclination_shift,Inclination shift,Shift of training band (deg),-20.0,15-65,0,flat_lstm,Flat LSTM,30,24,0.7847092549006144,0.1936079033081224,0.07745929363491719,3.6203584372997284,1.880988291299225,0.7525520492193425,2.249363493795195,1.0335638329012358,0.4135116545098631,0.1486111111111111,0.03541222620642947,0.014167841194088551
inclination_shift,Inclination shift,Shift of training band (deg),-20.0,15-65,0,pointer_lstm,Attention-LSTM pointer,30,24,0.4987352142731349,0.2813047218803466,0.11254532837092268,2.8840114573637643,3.7989001117222227,1.5198765867285042,1.2290399814645439,1.0489501021178924,0.4196674442520936,0.21527777777777776,0.05729756776811479,0.0229238014072888
inclination_shift,Inclination shift,Shift of training band (deg),-10.0,25-75,0,expected_info_gain,Expected information gain,30,24,0.9244011454284191,0.7826588459261301,0.31312875314844735,7.1880845576524734,15.134306481592175,6.054983653496843,2.383034850781159,3.514709037363273,1.4061764768618168,0.13888888888888887,0.06569337841665536,0.026282825244727283
inclination_shift,Inclination shift,Shift of training band (deg),-10.0,25-75,0,flat_lstm,Flat LSTM,30,24,0.7773442218701044,0.19903048071333007,0.0796287764313895,3.482899089654287,1.7647103269907707,0.7060311746747487,2.38545861194531,0.7682542463699853,0.30736571306770694,0.1597222222222222,0.049126836400794245,0.019654828036991687
inclination_shift,Inclination shift,Shift of training band (deg),-10.0,25-75,0,pointer_lstm,Attention-LSTM pointer,30,24,0.44480211784442264,0.15663153758031043,0.0626656663008903,2.153111313780149,3.2968288896091877,1.3190062629721302,0.9895845056821898,0.44966413749537737,0.17990312310708736,0.20694444444444446,0.06737247152572556,0.026954602398208696
inclination_shift,Inclination shift,Shift of training band (deg),0.0,35-85,1,expected_info_gain,Expected information gain,30,24,0.8927190415561199,0.7458500213692818,0.2984021562431161,5.932980641722679,11.325777155996525,4.531254578868049,2.5921143741657295,3.5535968216875338,1.4217348309027178,0.1277777777777778,0.059520358768160156,0.02381310302059924
inclination_shift,Inclination shift,Shift of training band (deg),0.0,35-85,1,flat_lstm,Flat LSTM,30,24,0.7902335512141386,0.25002438806204147,0.10003058842058987,3.721453512708346,2.2676454420057097,0.9072471275754621,2.450984405229487,1.0961536603546733,0.4385528007669914,0.15416666666666665,0.0459073841849578,0.01836677889091327
inclination_shift,Inclination shift,Shift of training band (deg),0.0,35-85,1,pointer_lstm,Attention-LSTM pointer,30,24,0.4133576961855094,0.07142968176044512,0.02857782455773791,1.4396820863087971,0.6849499626650326,0.27403705828506064,0.9408277392387383,0.295762105186387,0.11832948634980903,0.21944444444444444,0.06363897771572145,0.025460893782124936
inclination_shift,Inclination shift,Shift of training band (deg),10.0,45-95,0,expected_info_gain,Expected information gain,30,24,0.7650121624271075,0.5359468360845724,0.21442339201882205,4.964602865278721,10.610952402020224,4.245265114751814,1.6499716358880192,1.17396314376207,0.4696830775782784,0.12638888888888888,0.06057627177446131,0.024235556206706227
inclination_shift,Inclination shift,Shift of training band (deg),10.0,45-95,0,flat_lstm,Flat LSTM,30,24,0.7086595259606838,0.1516784746751934,0.06068402842658777,3.0950578649838767,1.1371767159906312,0.4549654412533154,2.0554050123939898,0.7761054407421482,0.31050684501463127,0.15694444444444447,0.05058036764380314,0.020236361649183996
inclination_shift,Inclination shift,Shift of training band (deg),10.0,45-95,0,pointer_lstm,Attention-LSTM pointer,30,24,0.45394417891899747,0.09608570763902077,0.03844228936400796,2.1456660280625024,1.5358047785008029,0.614449881803001,1.0383432291448111,0.35793834542579267,0.14320516325931268,0.2111111111111111,0.061122089483805646,0.024453928770516057
inclination_shift,Inclination shift,Shift of training band (deg),20.0,55-105,0,expected_info_gain,Expected information gain,30,24,0.7545867785811424,0.5259307513602336,0.2104161235422866,4.583301509420077,10.277435229400567,4.111830455500744,1.7453321469326806,1.1751854276211922,0.47017209296830764,0.11944444444444445,0.06287528232313688,0.025155351990436312
inclination_shift,Inclination shift,Shift of training band (deg),20.0,55-105,0,flat_lstm,Flat LSTM,30,24,0.7176291259626547,0.12698814779205875,0.05080584036037476,2.9589562118053436,1.0487682658612323,0.4195946945979863,2.033219026401638,0.49930412081069614,0.19976325266767828,0.15138888888888888,0.04167874221152725,0.01667496975140925
inclination_shift,Inclination shift,Shift of training band (deg),20.0,55-105,0,pointer_lstm,Attention-LSTM pointer,30,24,0.46305687228838605,0.11576040602147518,0.04631380810443653,1.5739149376749992,1.073035350943027,0.42930355067718645,1.0152358981470262,0.5549719884850242,0.22203503824325496,0.1791666666666667,0.053669682154906556,0.02147234486968991
inclination_shift,Inclination shift,Shift of training band (deg),30.0,65-115,0,expected_info_gain,Expected information gain,30,24,0.7296107771495978,0.38527966663819296,0.15414396995041874,3.61765605956316,4.76961670680628,1.9082441093871134,1.7583559642235425,1.5239737000638869,0.6097164646077105,0.1277777777777778,0.04979830494628657,0.019923471405073237
inclination_shift,Inclination shift,Shift of training band (deg),30.0,65-115,0,flat_lstm,Flat LSTM,30,24,0.7648726950089136,0.1421851918719107,0.05688592428076422,3.469959929585457,1.2478802128700257,0.4992560643357121,2.195445978393156,0.6387562048711686,0.25555570608860284,0.17500000000000002,0.05494837278298225,0.021983927667375093
inclination_shift,Inclination shift,Shift of training band (deg),30.0,65-115,0,pointer_lstm,Attention-LSTM pointer,30,24,0.5932156418760618,0.14383959695306078,0.05754782416595619,2.6484214464823403,2.611927402262988,1.044988598853792,1.3182802050064,0.5456383182494665,0.2183007924241835,0.1486111111111111,0.051055683030650445,0.020426527409413347
inclination_shift,Inclination shift,Shift of training band (deg),40.0,75-125,0,expected_info_gain,Expected information gain,30,24,0.8658483102917671,0.8308989281326364,0.33242880561923693,7.6579443116982775,20.14729259694301,8.060595804973683,1.7923975472648925,1.2433194381761707,0.49743137443319413,0.11805555555555554,0.05010054303336767,0.020044391823789882
inclination_shift,Inclination shift,Shift of training band (deg),40.0,75-125,0,flat_lstm,Flat LSTM,30,24,1.0238090058167775,0.6648224547847535,0.2659843780153072,4.974427243073781,3.8077978199984996,1.5234364114374839,3.270719827463228,2.83765851006981,1.135299850943108,0.18194444444444444,0.05977345852973103,0.0239143640146778
inclination_shift,Inclination shift,Shift of training band (deg),40.0,75-125,0,pointer_lstm,Attention-LSTM pointer,30,24,0.7019523891309897,0.10824666868300625,0.04330768708948057,2.3478974799315133,0.7336863989101078,0.2935356937298066,1.6743231361110997,0.47189600001432824,0.1887977205769329,0.11666666666666668,0.04504426164614508,0.01802145795600077
inclination_shift,Inclination shift,Shift of training band (deg),50.0,85-135,0,expected_info_gain,Expected information gain,30,24,0.7998195526500543,0.5155324388273891,0.20625593209334872,5.32738363246123,10.728050382072917,4.292114063921632,1.8327530515690633,1.1104265337566295,0.44426313941002,0.09583333333333334,0.055003293709018734,0.022005900614056877
inclination_shift,Inclination shift,Shift of training band (deg),50.0,85-135,0,flat_lstm,Flat LSTM,30,24,0.8987812424699465,0.33180803651654617,0.13275086239665002,4.531367888053258,3.206519452884927,1.282874963279805,2.8475391348203005,2.20774017665323,0.8832800298489267,0.15972222222222224,0.05010054303336767,0.020044391823789882
inclination_shift,Inclination shift,Shift of training band (deg),50.0,85-135,0,pointer_lstm,Attention-LSTM pointer,30,24,0.8700621748963991,0.16905331836840995,0.06763541365672361,3.621352975567182,2.074727178854507,0.8300637474673406,1.974714754646022,0.6608411865967063,0.2643915390022918,0.08194444444444444,0.05644814358908346,0.022583960957699954
inclination_shift,Inclination shift,Shift of training band (deg),60.0,95-145,0,expected_info_gain,Expected information gain,30,24,0.8509546878437201,0.5530741662004983,0.2212757511940583,6.022130161523819,10.824612243819923,4.33074685460421,2.030908084039886,1.4187383182781486,0.5676135431915776,0.12916666666666668,0.05230207688397098,0.02092518880607887
inclination_shift,Inclination shift,Shift of training band (deg),60.0,95-145,0,flat_lstm,Flat LSTM,30,24,0.9754598463575045,0.43185989662420216,0.1727799432263965,4.205377285679181,2.812805679526136,1.1253566478721178,3.124036321789024,2.3619166491907717,0.944963465565263,0.13055555555555556,0.04160623637138967,0.016645961373830127
inclination_shift,Inclination shift,Shift of training band (deg),60.0,95-145,0,pointer_lstm,Attention-LSTM pointer,30,24,1.0062142585714657,0.20486191713862512,0.0819618369039334,4.141456713279088,2.5398797171198337,1.016163521448052,2.2905253067612636,0.6401821657807051,0.2561262092701177,0.05833333333333334,0.04636548774796055,0.01855005848743552
eccentricity,Eccentricity,Maximum eccentricity,0.005,0.005,1,expected_info_gain,Expected information gain,30,24,0.8927190415561199,0.7458500213692818,0.2984021562431161,5.932980641722679,11.325777155996525,4.531254578868049,2.5921143741657295,3.5535968216875338,1.4217348309027178,0.1277777777777778,0.059520358768160156,0.02381310302059924
eccentricity,Eccentricity,Maximum eccentricity,0.005,0.005,1,flat_lstm,Flat LSTM,30,24,0.7902335512141386,0.25002438806204147,0.10003058842058987,3.721453512708346,2.2676454420057097,0.9072471275754621,2.450984405229487,1.0961536603546733,0.4385528007669914,0.15416666666666665,0.0459073841849578,0.01836677889091327
eccentricity,Eccentricity,Maximum eccentricity,0.005,0.005,1,pointer_lstm,Attention-LSTM pointer,30,24,0.4133576961855094,0.07142968176044512,0.02857782455773791,1.4396820863087971,0.6849499626650326,0.27403705828506064,0.9408277392387383,0.295762105186387,0.11832948634980903,0.21944444444444444,0.06363897771572145,0.025460893782124936
eccentricity,Eccentricity,Maximum eccentricity,0.01,0.010,0,expected_info_gain,Expected information gain,30,24,0.8101730446020762,0.5799542243187278,0.23203001421290803,4.13252155482769,5.6026794742386645,2.2415386310274115,2.3426995222767175,3.030223680353161,1.2123419644827473,0.1277777777777778,0.04468533750665576,0.017877858392975093
eccentricity,Eccentricity,Maximum eccentricity,0.01,0.010,0,flat_lstm,Flat LSTM,30,24,0.7166571592291197,0.11996170731839051,0.04799467869518203,3.3105327785015106,1.355745001723156,0.5424109676732375,2.0322147394220025,0.5244932641701742,0.20984100888813922,0.1625,0.049453535504684024,0.019785534900637582
eccentricity,Eccentricity,Maximum eccentricity,0.01,0.010,0,pointer_lstm,Attention-LSTM pointer,30,24,0.40668762599428493,0.08169239105844905,0.03268376341364685,1.5030798638860385,0.9679187268126747,0.3872481422186486,0.9038116575529175,0.2901157380057437,0.1160704689959567,0.22916666666666666,0.06004225565189998,0.02402190526097274
eccentricity,Eccentricity,Maximum eccentricity,0.02,0.020,0,expected_info_gain,Expected information gain,30,24,0.9806021514038245,1.1325847665954878,0.4531282788726608,9.184353947639465,23.113628670493252,9.247377403322494,2.491131970658896,3.635980229994873,1.4546950587946943,0.125,0.04636548774796055,0.01855005848743552
eccentricity,Eccentricity,Maximum eccentricity,0.02,0.020,0,flat_lstm,Flat LSTM,30,24,0.9043732360005379,0.7887962786888132,0.3155842376529856,3.990844632188479,3.3007286432947747,1.3205664893919937,2.665949582060177,2.258112970108179,0.9034333445265215,0.15277777777777776,0.06363897771572147,0.025460893782124943
eccentricity,Eccentricity,Maximum eccentricity,0.02,0.020,0,pointer_lstm,Attention-LSTM pointer,30,24,0.423860056946675,0.0817833771910933,0.03272016544809263,1.74257875730594,1.126535333063132,0.450708001392759,0.9698328933368122,0.3039299893994238,0.12159732062115448,0.20694444444444446,0.05895971495112195,0.023588798778331557
eccentricity,Eccentricity,Maximum eccentricity,0.03,0.030,0,expected_info_gain,Expected information gain,30,24,0.7915783872207006,0.5942846659747227,0.23776338495440705,4.462888980905215,7.871900280168214,3.149416035439064,2.1548649461319034,2.2835611669191236,0.9136147437131085,0.13611111111111113,0.05639462977368314,0.022562550972519642
eccentricity,Eccentricity,Maximum eccentricity,0.03,0.030,0,flat_lstm,Flat LSTM,30,24,0.7326983983318011,0.14324826442266317,0.0573112418812183,3.4615185310443244,1.1455770438683535,0.4583262723588232,2.3409112048645797,0.6194370459930028,0.2478264327750961,0.17222222222222225,0.04246813715137374,0.016990793503408538
eccentricity,Eccentricity,Maximum eccentricity,0.03,0.030,0,pointer_lstm,Attention-LSTM pointer,30,24,0.42080289373795193,0.07757143335579149,0.031035036955206693,1.5424017583330472,0.7549093762142026,0.3020266530486977,0.9562707150354978,0.32206455524412614,0.1288526580154705,0.2152777777777778,0.06368640460918709,0.025479868491340707
eccentricity,Eccentricity,Maximum eccentricity,0.04,0.040,0,expected_info_gain,Expected information gain,30,24,0.7660156662265459,0.5153269774822313,0.20617373043528997,3.294597417116165,4.472646706611411,1.7894313643864772,2.2018912593523647,3.1039692534006846,1.2418463385261584,0.11111111111111112,0.042468137151373736,0.016990793503408534
eccentricity,Eccentricity,Maximum eccentricity,0.04,0.040,0,flat_lstm,Flat LSTM,30,24,0.7757479809224606,0.35257893382525335,0.14106095204797656,3.6258047372102737,2.271990763865943,0.9089856183919984,2.336390974124271,1.6384583614976471,0.6555198685760838,0.16805555555555554,0.04448216997915851,0.017796574453112148
eccentricity,Eccentricity,Maximum eccentricity,0.04,0.040,0,pointer_lstm,Attention-LSTM pointer,30,24,0.41092127685745555,0.07529224736009653,0.030123172644542878,1.4346579412619274,0.5873316049020373,0.2349815811639207,0.9439968610803279,0.3339022726929927,0.13358873136873464,0.2111111111111111,0.06420578831241024,0.025687665250097635
eccentricity,Eccentricity,Maximum eccentricity,0.05,0.050,0,expected_info_gain,Expected information gain,30,24,0.753934808075428,0.33525941920465285,0.134131703057163,2.8643020540475845,2.864770217214377,1.1461467928745679,2.175840880100924,1.9863199647840255,0.7946934953385727,0.13333333333333333,0.0520126331736996,0.020809387204173135
eccentricity,Eccentricity,Maximum eccentricity,0.05,0.050,0,flat_lstm,Flat LSTM,30,24,0.7436113903919855,0.18799404301765615,0.0752132817457611,3.6015473206837973,2.018194204365787,0.8074458470812805,2.1437827793260404,0.7243441083691615,0.2897979990702957,0.15833333333333333,0.050361015518533496,0.02014860252163607
eccentricity,Eccentricity,Maximum eccentricity,0.05,0.050,0,pointer_lstm,Attention-LSTM pointer,30,24,0.47710932170351344,0.31974948615226734,0.12792643747639454,3.2671595190962157,8.511564740834187,3.4053351195256893,0.9358330874393376,0.3896087676809132,0.15587597108835588,0.20833333333333334,0.06538625481582945,0.026159950213428967
sensor_degradation,Sensor degradation,Degradation severity (%),0.0,0,1,expected_info_gain,Expected information gain,30,24,0.8927190415561199,0.7458500213692818,0.2984021562431161,5.932980641722679,11.325777155996525,4.531254578868049,2.5921143741657295,3.5535968216875338,1.4217348309027178,0.1277777777777778,0.059520358768160156,0.02381310302059924
sensor_degradation,Sensor degradation,Degradation severity (%),0.0,0,1,flat_lstm,Flat LSTM,30,24,0.7902335512141386,0.25002438806204147,0.10003058842058987,3.721453512708346,2.2676454420057097,0.9072471275754621,2.450984405229487,1.0961536603546733,0.4385528007669914,0.15416666666666665,0.0459073841849578,0.01836677889091327
sensor_degradation,Sensor degradation,Degradation severity (%),0.0,0,1,pointer_lstm,Attention-LSTM pointer,30,24,0.4133576961855094,0.07142968176044512,0.02857782455773791,1.4396820863087971,0.6849499626650326,0.27403705828506064,0.9408277392387383,0.295762105186387,0.11832948634980903,0.21944444444444444,0.06363897771572145,0.025460893782124936
sensor_degradation,Sensor degradation,Degradation severity (%),20.0,20,0,expected_info_gain,Expected information gain,30,24,1.1995070651173592,0.5169051261404694,0.206805121397277,9.596021108329296,8.466761674850877,3.3874101599323683,3.6502905648201662,3.120289285632901,1.2483757112800935,0.09444444444444444,0.05870310682070052,0.023486134144379157
sensor_degradation,Sensor degradation,Degradation severity (%),20.0,20,0,flat_lstm,Flat LSTM,30,24,0.7940552483002344,0.16479155998046918,0.0659303551920017,3.5809627821048102,1.0658857460507483,0.42644311298191684,2.3199497483670695,0.688155391838105,0.27531949704556824,0.13333333333333333,0.042845639127810094,0.01714182574920487
sensor_degradation,Sensor degradation,Degradation severity (%),20.0,20,0,pointer_lstm,Attention-LSTM pointer,30,24,0.46895642826954526,0.11884298513816309,0.04754709660595182,1.7379050080974896,1.0481573039445258,0.419350258923113,1.1670673691357167,0.6190246742135652,0.24766144970258502,0.19999999999999998,0.07421082385212815,0.029690513132115265
sensor_degradation,Sensor degradation,Degradation severity (%),40.0,40,0,expected_info_gain,Expected information gain,30,24,4.069177021582921,2.7907150499228153,1.1165185553367083,43.94232134024302,36.714378073038276,14.688810442086577,17.053049538284515,15.155417429001757,6.0634297915230775,0.07638888888888888,0.042254310207112664,0.016905244908647834
sensor_degradation,Sensor degradation,Degradation severity (%),40.0,40,0,flat_lstm,Flat LSTM,30,24,2.7131564542651176,4.3598167736674895,1.744289989693719,24.094827100634575,40.876068181067794,16.35383325668913,10.726940262566004,24.292717964358726,9.71911136807682,0.09305555555555556,0.04282214275141853,0.017132425240820797
sensor_degradation,Sensor degradation,Degradation severity (%),40.0,40,0,pointer_lstm,Attention-LSTM pointer,30,24,0.8252003739277521,0.6917291827294842,0.27674931118701157,7.442065882186095,10.262124934821536,4.105705061944125,2.7702778272330733,5.620673086549363,2.2487375752632213,0.18194444444444446,0.0636864046091871,0.025479868491340714
sensor_degradation,Sensor degradation,Degradation severity (%),60.0,60,0,expected_info_gain,Expected information gain,30,24,10.649477491776148,6.356438479021758,2.5431050396493635,88.78669492403667,24.928241591545657,9.973373773738308,46.82340171635145,29.660011913400925,11.866476175608065,0.04305555555555555,0.03472342993068756,0.013892265290080032
sensor_degradation,Sensor degradation,Degradation severity (%),60.0,60,0,flat_lstm,Flat LSTM,30,24,9.054094515740871,7.962061436902887,3.1854880107801753,61.42503334085146,48.825149546327324,19.534128157251978,36.55839656442401,35.1023066963286,14.043847566112074,0.04722222222222222,0.04160623637138967,0.016645961373830127
sensor_degradation,Sensor degradation,Degradation severity (%),60.0,60,0,pointer_lstm,Attention-LSTM pointer,30,24,1.8448028105000656,1.8716846030969732,0.7488297987118359,22.60742666075627,32.572031332968,13.031526586447177,7.687561819454019,11.36012775643698,4.544997681296147,0.12638888888888888,0.062150795787899955,0.024865497008751243
sensor_degradation,Sensor degradation,Degradation severity (%),80.0,80,0,expected_info_gain,Expected information gain,30,24,29.253945390383404,10.821886583450233,4.329656363341625,108.72032833099365,6.337007051485562,2.5353308495178974,99.80950582822163,10.479383843570616,4.192626728467284,0.030555555555555558,0.0339318251802701,0.013575557429720652
sensor_degradation,Sensor degradation,Degradation severity (%),80.0,80,0,flat_lstm,Flat LSTM,30,24,19.013242716590565,10.73052773672914,4.293105212208842,99.33017440636952,34.18382294741547,13.676377534205702,74.72171951333677,38.41696258147711,15.36998611272818,0.016666666666666666,0.019658927487319622,0.007865209068270257
sensor_degradation,Sensor degradation,Degradation severity (%),80.0,80,0,pointer_lstm,Attention-LSTM pointer,30,24,7.374189493556817,5.959392275095619,2.3842534743411115,70.57620064417522,42.813302964355216,17.128888589423266,37.51329042017455,35.477362207882805,14.19390102210471,0.07361111111111111,0.04813343637496163,0.019257385251944623
sensor_degradation,Sensor degradation,Degradation severity (%),100.0,100,0,expected_info_gain,Expected information gain,30,24,42.89296567440033,12.457280362562996,4.983950143608487,107.4587885538737,7.4240267038162076,2.970229285987214,103.38480955759682,9.839063552749975,3.9364452576719704,0.001388888888888889,0.006804138174397715,0.002722222222222222
sensor_degradation,Sensor degradation,Degradation severity (%),100.0,100,0,flat_lstm,Flat LSTM,30,24,39.16364971796671,15.737843544555238,6.296448768199371,115.75909074147542,5.374907274665192,2.150410772158169,103.06590156555171,16.84143787477532,6.737978456903772,0.0,0.0,0.0
sensor_degradation,Sensor degradation,Degradation severity (%),100.0,100,0,pointer_lstm,Attention-LSTM pointer,30,24,18.633268117904663,8.385593678056818,3.354936197919448,106.69361432393391,25.01196623452852,10.00687060725841,85.48302169243489,31.350113339194486,12.542657573043009,0.020833333333333332,0.023697978877924398,0.009481166177074143
measurement_noise,Measurement noise,Measurement noise (m),50.0,50,1,expected_info_gain,Expected information gain,30,24,0.8927190415561199,0.7458500213692818,0.2984021562431161,5.932980641722679,11.325777155996525,4.531254578868049,2.5921143741657295,3.5535968216875338,1.4217348309027178,0.1277777777777778,0.059520358768160156,0.02381310302059924
measurement_noise,Measurement noise,Measurement noise (m),50.0,50,1,flat_lstm,Flat LSTM,30,24,0.7902335512141386,0.25002438806204147,0.10003058842058987,3.721453512708346,2.2676454420057097,0.9072471275754621,2.450984405229487,1.0961536603546733,0.4385528007669914,0.15416666666666665,0.0459073841849578,0.01836677889091327
measurement_noise,Measurement noise,Measurement noise (m),50.0,50,1,pointer_lstm,Attention-LSTM pointer,30,24,0.4133576961855094,0.07142968176044512,0.02857782455773791,1.4396820863087971,0.6849499626650326,0.27403705828506064,0.9408277392387383,0.295762105186387,0.11832948634980903,0.21944444444444444,0.06363897771572145,0.025460893782124936
measurement_noise,Measurement noise,Measurement noise (m),60.0,60,0,expected_info_gain,Expected information gain,30,24,0.7547915354371071,0.26061413511851295,0.10426736963019409,2.6752298325300217,2.228351143055425,0.891526133811461,1.7830831173807373,1.065443263489598,0.42626608308775027,0.09861111111111114,0.044482169979158506,0.017796574453112144
measurement_noise,Measurement noise,Measurement noise (m),60.0,60,0,flat_lstm,Flat LSTM,30,24,0.7752033757666746,0.13378343654283736,0.05352452207577418,3.07328300178051,0.8955156657919532,0.35828088485030957,2.213285917043685,0.6848296266631791,0.27398891385736346,0.1277777777777778,0.03498331785552014,0.013996242115084632
measurement_noise,Measurement noise,Measurement noise (m),60.0,60,0,pointer_lstm,Attention-LSTM pointer,30,24,0.4610743584732215,0.0661555473264093,0.026467731318693625,1.5943994944294293,0.6451651470594999,0.25811981698682945,1.0437747251242393,0.29253065413731516,0.11703663667063781,0.18472222222222223,0.0687916174723385,0.02752237902669968
measurement_noise,Measurement noise,Measurement noise (m),70.0,70,0,expected_info_gain,Expected information gain,30,24,0.9423044746120771,0.6994086261977661,0.2798217284612987,4.548360000054042,7.721964764620133,3.089429335894789,2.3710449248552314,2.4298581829927666,0.972145740290897,0.09722222222222222,0.03247692107599625,0.012993474558629167
measurement_noise,Measurement noise,Measurement noise (m),70.0,70,0,flat_lstm,Flat LSTM,30,24,0.8729741473992666,0.15915071386197477,0.06367354672304953,3.3300956736008325,1.0259705903004046,0.41047372476521377,2.4131174544493343,0.5948497040326668,0.2379894472591857,0.10416666666666669,0.04537817475352389,0.018155051022146627
measurement_noise,Measurement noise,Measurement noise (m),70.0,70,0,pointer_lstm,Attention-LSTM pointer,30,24,0.5223835557699203,0.0709117210196135,0.028370597102505446,1.6588879774014156,0.7263304340624429,0.29059269485751055,1.1427493407080567,0.2573812861335507,0.1029739606601842,0.11805555555555557,0.03541222620642947,0.014167841194088551
measurement_noise,Measurement noise,Measurement noise (m),80.0,80,0,expected_info_gain,Expected information gain,30,24,1.0068799182772636,0.8790176790766088,0.35168031547512735,4.290646925568581,7.434879031207724,2.974571121210252,2.7850441474467487,4.33285340197142,1.733502394301658,0.07083333333333335,0.03449077451391964,0.013799183737440626
measurement_noise,Measurement noise,Measurement noise (m),80.0,80,0,flat_lstm,Flat LSTM,30,24,0.911120223502318,0.16727883780168762,0.06692547357205439,3.2435552179813385,1.0973844532481902,0.4390452204797908,2.375387820104757,0.6491975908859544,0.2597331305194003,0.08194444444444444,0.03256975667577953,0.013030616534036763
measurement_noise,Measurement noise,Measurement noise (m),80.0,80,0,pointer_lstm,Attention-LSTM pointer,30,24,0.5850054050485293,0.08754727018334976,0.035026202919387864,1.86793385942777,0.7989583832146451,0.31964992621716776,1.3092386441926156,0.32554663523475613,0.13024578015483496,0.10000000000000002,0.031083493608010458,0.01243598746457239
measurement_noise,Measurement noise,Measurement noise (m),90.0,90,0,expected_info_gain,Expected information gain,30,24,0.9509192009766897,0.32470502469301094,0.12990906581122919,2.9153051674365997,1.8377447699218807,0.7352510374169229,2.220982801914214,1.2609540181015566,0.5044866757986295,0.05972222222222223,0.031051098087371436,0.012423026556971214
measurement_noise,Measurement noise,Measurement noise (m),90.0,90,0,flat_lstm,Flat LSTM,30,24,1.0445575813452403,0.29112245573159257,0.11647323997070302,4.5449292461077375,3.5879480846539504,1.4354781983964058,2.658201876282691,0.8069401598071333,0.32284330193294064,0.07916666666666668,0.033783196234608806,0.013516093467000575
measurement_noise,Measurement noise,Measurement noise (m),90.0,90,0,pointer_lstm,Attention-LSTM pointer,30,24,0.6442406078179678,0.09653582673763061,0.038622374509470314,2.267157475153605,0.9163825064806392,0.36662935984807665,1.456109669432043,0.32189849909100865,0.12878622171765192,0.09444444444444444,0.03357401034568899,0.013432401681090712
measurement_noise,Measurement noise,Measurement noise (m),100.0,100,0,expected_info_gain,Expected information gain,30,24,0.9835543632507324,0.30572128996306597,0.12231399010611209,3.147646943728129,1.9286878465774295,0.7716358458795918,2.2576117011407995,1.1200173326332905,0.44810025811068793,0.054166666666666675,0.02917960375608824,0.011674272882839223
measurement_noise,Measurement noise,Measurement noise (m),100.0,100,0,flat_lstm,Flat LSTM,30,24,1.1096333215634029,0.18358154083058917,0.0734479132007137,3.7983685533205667,0.8145146368223968,0.32587372387972696,2.879522234201431,0.6185353508500804,0.24746567958449084,0.07916666666666666,0.03783066772196673,0.015135419316107374
measurement_noise,Measurement noise,Measurement noise (m),100.0,100,0,pointer_lstm,Attention-LSTM pointer,30,24,0.74953759709994,0.3122373129820227,0.1249209422590621,4.085887322823207,8.050961614853103,3.2210554895368824,1.6143399520466717,0.500094950264323,0.20007965034472008,0.08055555555555556,0.03247692107599625,0.012993474558629167
inclination_shift,Inclination shift,Shift of training band (deg),70.0,105-155,0,expected_info_gain,Expected information gain,30,24,0.9067118850847086,0.7315918499782311,0.29269769962948966,6.2961255212624865,11.500599793121161,4.601198200753756,2.4644054232786066,3.097840865368287,1.2393944726673833,0.1125,0.050897737770405155,0.02036333614458098
inclination_shift,Inclination shift,Shift of training band (deg),70.0,105-155,0,flat_lstm,Flat LSTM,30,24,1.228348749379317,1.5926760977079373,0.6372031482688835,9.73167297244072,23.317434204178998,9.328916598822488,3.7656885825097515,4.755364526976941,1.9025420498974164,0.13194444444444445,0.045555260986440124,0.01822590027096231
inclination_shift,Inclination shift,Shift of training band (deg),70.0,105-155,0,pointer_lstm,Attention-LSTM pointer,30,24,1.1092031573255856,0.17834532276189977,0.07135298966717603,4.3240087032318115,1.9245991516734,0.7700000272288893,2.729878196865318,0.7080370519187675,0.2832738177102921,0.04305555555555556,0.045555260986440124,0.01822590027096231
inclination_shift,Inclination shift,Shift of training band (deg),80.0,115-165,0,expected_info_gain,Expected information gain,30,24,0.9448659494519234,0.6985799047137473,0.2794901708147598,7.8398613433043165,13.296589033683423,5.31974354716177,2.2527890005459366,2.0602052555193646,0.8242537680990377,0.12638888888888888,0.04050307636275325,0.016204605449948888
inclination_shift,Inclination shift,Shift of training band (deg),80.0,115-165,0,flat_lstm,Flat LSTM,30,24,0.8736187741160393,0.20252909676835587,0.08102851437437414,4.149741555253665,2.7511416517847893,1.1006858986417674,2.320693418383597,0.5903869874204023,0.23620398875995965,0.15138888888888888,0.03675111049183756,0.014703506470322399
inclination_shift,Inclination shift,Shift of training band (deg),80.0,115-165,0,pointer_lstm,Attention-LSTM pointer,30,24,1.2899943888187408,0.2687642117058472,0.1075280793674443,6.52344744404157,3.724768284191934,1.490217678707466,3.004317080477872,0.8957281128638352,0.3583658813811412,0.04027777777777778,0.04393579710567214,0.017577979777386638
inclination_shift,Inclination shift,Shift of training band (deg),90.0,125-175,0,expected_info_gain,Expected information gain,30,24,0.7875313113133112,0.6697722266654136,0.26796469920560345,5.186804535488288,13.522339383387486,5.410062497613307,1.8433913475523376,1.6837448852025614,0.6736382515419946,0.12083333333333335,0.06123724356957945,0.0245
inclination_shift,Inclination shift,Shift of training band (deg),90.0,125-175,0,flat_lstm,Flat LSTM,30,24,1.2980092565218608,1.2747253534675231,0.5099963574367787,9.849497814973196,21.122223772064867,8.450649510825837,3.7076467866698892,3.6734045389064676,1.4696679007269453,0.15555555555555556,0.04131494058594261,0.016529418787530597
inclination_shift,Inclination shift,Shift of training band (deg),90.0,125-175,0,pointer_lstm,Attention-LSTM pointer,30,24,1.3292168577512105,0.23547935515333704,0.09421136329726505,6.733207086722056,3.4166298349306192,1.3669366234730906,3.213102728376784,0.8897567008337061,0.3559768190032448,0.03888888888888889,0.038906138341450985,0.015565697177118962
eccentricity,Eccentricity,Maximum eccentricity,0.055,0.055,0,expected_info_gain,Expected information gain,30,24,0.858450572937727,0.34954984807925155,0.13984906535205233,6.198484068115552,7.337707705662664,2.9356944942250913,2.1906255170702904,1.638504398397931,0.6555382871722062,0.12638888888888888,0.05010054303336767,0.020044391823789882
eccentricity,Eccentricity,Maximum eccentricity,0.055,0.055,0,flat_lstm,Flat LSTM,30,24,0.8013804902633032,0.332067796795488,0.13285478815266225,4.688061848282814,4.946276379395868,1.978922698529146,2.4810249010721823,1.6073464588666533,0.6430725151351461,0.1638888888888889,0.0572448480197014,0.022902709115068618
eccentricity,Eccentricity,Maximum eccentricity,0.055,0.055,0,pointer_lstm,Attention-LSTM pointer,30,24,0.4618826061487198,0.22814538494859798,0.09127716411483537,2.5958413258194923,4.333491298947296,1.7337576062445534,1.1056109550098565,1.0406004859496751,0.41632690205592365,0.2027777777777778,0.062102196174742864,0.024846053113942425
initial_uncertainty,Initial uncertainty,Initial uncertainty scale,0.5,0.5x,0,expected_info_gain,Expected information gain,30,24,0.5309966566661993,0.1031388927042905,0.041264151094325144,1.5631838341554005,0.6692897315493852,0.26777166095545324,1.1244326246281462,0.2830409847449546,0.11323997819026932,0.13333333333333333,0.04610427165387498,0.018445550284060478
initial_uncertainty,Initial uncertainty,Initial uncertainty scale,0.5,0.5x,0,flat_lstm,Flat LSTM,30,24,0.6897194907069206,0.19414384409569613,0.07767371460702768,3.452228312691053,1.627959493793277,0.6513194466798109,2.042205890888967,1.0147996280602256,0.4060044090525722,0.14444444444444446,0.04246813715137374,0.016990793503408538
initial_uncertainty,Initial uncertainty,Initial uncertainty scale,0.5,0.5x,0,pointer_lstm,Attention-LSTM pointer,30,24,0.48766082773605984,0.10651991505498569,0.042616841757122735,2.125421034793059,2.2788792040457007,0.9117415684408001,0.9800062399357552,0.2597094315461269,0.10390541281712702,0.1527777777777778,0.04906533814626582,0.0196302236108595
initial_uncertainty,Initial uncertainty,Initial uncertainty scale,1.0,1x,1,expected_info_gain,Expected information gain,30,24,0.8927190415561199,0.7458500213692818,0.2984021562431161,5.932980641722679,11.325777155996525,4.531254578868049,2.5921143741657295,3.5535968216875338,1.4217348309027178,0.1277777777777778,0.059520358768160156,0.02381310302059924
initial_uncertainty,Initial uncertainty,Initial uncertainty scale,1.0,1x,1,flat_lstm,Flat LSTM,30,24,0.7902335512141386,0.25002438806204147,0.10003058842058987,3.721453512708346,2.2676454420057097,0.9072471275754621,2.450984405229487,1.0961536603546733,0.4385528007669914,0.15416666666666665,0.0459073841849578,0.01836677889091327
initial_uncertainty,Initial uncertainty,Initial uncertainty scale,1.0,1x,1,pointer_lstm,Attention-LSTM pointer,30,24,0.4133576961855094,0.07142968176044512,0.02857782455773791,1.4396820863087971,0.6849499626650326,0.27403705828506064,0.9408277392387383,0.295762105186387,0.11832948634980903,0.21944444444444444,0.06363897771572145,0.025460893782124936
initial_uncertainty,Initial uncertainty,Initial uncertainty scale,1.5,1.5x,0,expected_info_gain,Expected information gain,30,24,3.01569701731205,3.2360422092702272,1.2946865258074034,24.44277627269427,26.125004958190022,10.452178840290202,12.800042106956234,15.50663895801259,6.203947668539999,0.13194444444444445,0.052455793826403314,0.020986688391462935
initial_uncertainty,Initial uncertainty,Initial uncertainty scale,1.5,1.5x,0,flat_lstm,Flat LSTM,30,24,8.337095608313879,11.816542955920774,4.727601791728509,45.07516045371691,50.32527603857087,20.134303751671194,27.92435387869674,38.06688134624409,15.229924448236968,0.11944444444444445,0.07671810918533267,0.03069363618408141
initial_uncertainty,Initial uncertainty,Initial uncertainty scale,1.5,1.5x,0,pointer_lstm,Attention-LSTM pointer,30,24,0.6172717673083147,0.6288200106152397,0.25158040045627705,6.251050444940726,15.912466327984127,6.3663124319540385,1.4181216023241472,1.4575976439091214,0.5831605113838523,0.21666666666666667,0.062166987216020916,0.02487197492914478
initial_uncertainty,Initial uncertainty,Initial uncertainty scale,2.0,2x,0,expected_info_gain,Expected information gain,30,24,6.272859059274197,4.89332541273456,1.957737899743616,48.52697559197744,36.33499979945272,14.53702752108875,21.202381188422432,14.457317790768615,5.784131767318598,0.11805555555555557,0.06518584851807127,0.02607977099554016
initial_uncertainty,Initial uncertainty,Initial uncertainty scale,2.0,2x,0,flat_lstm,Flat LSTM,30,24,21.68516432742278,18.42566583360273,7.37180164568219,95.43038497368495,35.21379611261161,14.08845262244238,62.96089055190479,39.04881439376527,15.622779486477453,0.04305555555555555,0.05058036764380312,0.02023636164918399
initial_uncertainty,Initial uncertainty,Initial uncertainty scale,2.0,2x,0,pointer_lstm,Attention-LSTM pointer,30,24,0.99350347990791,2.018640484912839,0.8076243964862739,8.355666642387709,21.29518352503703,8.519847823826376,3.8426772557198974,10.734698125866535,4.2947737153600345,0.22916666666666666,0.09495104255926728,0.037988328786530724
initial_uncertainty,Initial uncertainty,Initial uncertainty scale,3.0,3x,0,expected_info_gain,Expected information gain,30,24,9.963944926857948,5.298956952083403,2.1200243145910584,52.195026874542236,31.208126357508313,12.485850949352335,36.13568477630613,19.48735506679083,7.796565803846063,0.08472222222222221,0.06737247152572556,0.026954602398208696
initial_uncertainty,Initial uncertainty,Initial uncertainty scale,3.0,3x,0,flat_lstm,Flat LSTM,30,24,32.79043847322464,18.282636557412445,7.314578017341042,107.76231511433919,24.189467053908864,9.677802400550426,84.89606275161104,33.75630879621142,13.505336251255105,0.022222222222222223,0.028937157742747705,0.011577274275772691
initial_uncertainty,Initial uncertainty,Initial uncertainty scale,3.0,3x,0,pointer_lstm,Attention-LSTM pointer,30,24,1.3820581684509914,1.9275997205218536,0.7712005047896335,18.902466878294945,35.03861717300891,14.018366449876668,4.893153120328974,8.627171674077593,3.4515875257308317,0.21388888888888888,0.0833574844230545,0.0333499395028185
initial_uncertainty,Initial uncertainty,Initial uncertainty scale,4.0,4x,0,expected_info_gain,Expected information gain,30,24,9.883534734447798,5.24047196974171,2.096625448413429,49.27293658256531,24.905935046740936,9.964449297131281,30.774389431873946,7.8188399779474205,3.128187493319392,0.09027777777777779,0.05936798098185177,0.023752139209249477
initial_uncertainty,Initial uncertainty,Initial uncertainty scale,4.0,4x,0,flat_lstm,Flat LSTM,30,24,36.025846680005394,18.66156739537483,7.466181926807182,111.0548981030782,17.80529943883117,7.123603395958005,90.5201251804828,29.268327971721014,11.709769962006954,0.016666666666666666,0.034050261230349946,0.013622941718395554
initial_uncertainty,Initial uncertainty,Initial uncertainty scale,4.0,4x,0,pointer_lstm,Attention-LSTM pointer,30,24,1.133266023049752,1.2638848356485661,0.5056592470267931,12.413709317644438,20.96248206873637,8.386739519072187,4.387734172120685,7.7611303438983565,3.105098831064443,0.19305555555555556,0.0816373308249296,0.03266173473236413
measurement_noise,Measurement noise,Measurement noise (m),25.0,25,0,expected_info_gain,Expected information gain,30,24,0.7004946904877821,0.5055385117240287,0.2022575285114807,7.323263843854268,10.503815636001175,4.202401481210173,2.194218142330643,3.3525165340237097,1.3412859608916745,0.28055555555555556,0.08787159421134429,0.035155959554773276
measurement_noise,Measurement noise,Measurement noise (m),25.0,25,0,flat_lstm,Flat LSTM,30,24,0.6090872138738632,0.2345778280637992,0.09385067734201659,3.880386710166931,1.9500478683556381,0.7801816344073117,1.9553981319069844,1.4618025481539263,0.5848428234539681,0.3333333333333333,0.07485896562402874,0.029949823847064773
measurement_noise,Measurement noise,Measurement noise (m),25.0,25,0,pointer_lstm,Attention-LSTM pointer,30,24,0.2717956968893607,0.04969587958021545,0.01988249272408654,1.1679357377191384,0.9999256091817523,0.4000535621286975,0.5477893553674218,0.1556559827874084,0.06227536309596332,0.45138888888888884,0.07548821238670163,0.03020157498390307
measurement_noise,Measurement noise,Measurement noise (m),150.0,150,0,expected_info_gain,Expected information gain,30,24,1.1836040342847507,0.25183465680872236,0.10075484675928026,3.1987244188785553,1.1640413413764183,0.4657135298932611,2.5743464852372795,0.6596119103957708,0.26389972609290274,0.02777777777777778,0.021234068575686868,0.008495396751704267
measurement_noise,Measurement noise,Measurement noise (m),150.0,150,0,flat_lstm,Flat LSTM,30,24,1.401622734963894,0.23181277462345634,0.09274442556875662,4.3568455676237745,1.1993335298467163,0.4798333459907942,3.5061223092178486,0.8678520789958569,0.3472131450730567,0.034722222222222224,0.01547685404958455,0.006192031223351577
measurement_noise,Measurement noise,Measurement noise (m),150.0,150,0,pointer_lstm,Attention-LSTM pointer,30,24,0.9780943344036738,0.14525339163816633,0.05811345984395219,3.3956789523363113,1.6897686314214815,0.6760482519561357,2.2188884382446594,0.5525210866955752,0.22105447330693037,0.03333333333333333,0.02407717061715384,0.009632874468786613
measurement_noise,Measurement noise,Measurement noise (m),200.0,200,0,expected_info_gain,Expected information gain,30,24,1.5231486931443214,0.5172235781028601,0.2069325287171331,6.098158011833827,11.078776764531707,4.4324338410598205,3.1888864601651825,0.8698737352044462,0.34802197601029766,0.01388888888888889,0.016787005172844496,0.006716200840545356
measurement_noise,Measurement noise,Measurement noise (m),200.0,200,0,flat_lstm,Flat LSTM,30,24,1.7063120355208714,0.26572553166057156,0.10631235415236887,5.04618035753568,1.4613409307640215,0.5846581380338965,3.9981347516179073,0.7441942288034535,0.29773970124844124,0.025000000000000005,0.017720317769039828,0.007089603646973187
measurement_noise,Measurement noise,Measurement noise (m),200.0,200,0,pointer_lstm,Attention-LSTM pointer,30,24,1.1934131135543187,0.1898357979959963,0.07595013720069456,3.7956763207912445,1.5190598706154461,0.6077505233851926,2.7307383629182955,0.628422204420269,0.2514212448312249,0.016666666666666666,0.019658927487319622,0.007865209068270257
