method,access_mode,num_rso,step,meanU_mean,meanU_std,n_episodes
random_feasible,topk,2000,50,18.923146963119507,0.1966509767710067,48
random_feasible,topk,2000,100,17.395772298177082,0.2213158078256661,48
random_feasible,topk,2000,150,15.419946471850077,0.258316570984917,48
random_feasible,topk,2000,200,15.18638664484024,0.2772362778866588,48
random_feasible,topk,2000,250,17.601858615875244,0.3970373433926835,48
random_feasible,topk,2000,300,19.790399193763733,0.5426300761348045,48
random_feasible,topk,2000,350,20.938518444697063,0.7399142193936172,48
random_feasible,topk,2000,400,20.91529854138692,0.8310064374056887,48
random_feasible,topk,2000,450,20.675355513890583,0.795135254696592,48
random_feasible,topk,2000,500,21.29067937533061,0.6739770352425077,48
random_feasible,topk,2000,550,22.23845203717549,0.7599045197245788,48
random_feasible,topk,2000,600,23.032401998837788,0.8235173840882947,48
random_feasible,topk,2000,650,23.352025866508484,0.927757410561192,48
random_feasible,topk,2000,700,22.95510979493459,1.1144010076721085,48
random_feasible,topk,2000,750,21.998204191525776,1.2531603290191224,48
random_feasible,topk,2000,800,20.595959504445396,1.3715458321881102,48
random_feasible,topk,2000,850,19.004242320855457,1.2620005527907794,48
random_feasible,topk,2000,900,17.595513065656025,1.0551251828021635,48
random_feasible,topk,2000,950,16.631080170472462,1.0097528378916387,48
random_feasible,topk,2000,1000,15.812967399756111,0.9095236744144288,48
random_feasible,topk,2000,1050,15.187019288539886,0.8963066420647624,48
random_feasible,topk,2000,1100,14.636778434117636,0.8788712986657292,48
random_feasible,topk,2000,1150,13.947017769018808,0.8815559594616418,48
random_feasible,topk,2000,1200,13.306526005268095,0.8476918804439766,48
random_feasible,topk,2000,1250,12.522820909818014,0.7884375436472432,48
random_feasible,topk,2000,1300,11.712150851885475,0.7117962377664375,48
random_feasible,topk,2000,1350,10.937099059422811,0.6403560833279596,48
random_feasible,topk,2000,1400,10.20405904452006,0.6671827612731472,48
random_feasible,topk,2000,1450,9.472658971945444,0.6005720463752151,48
random_feasible,topk,2000,1500,8.901520282030106,0.5688776244406805,48
random_feasible,topk,2000,1550,8.390622278054556,0.5692334056369064,48
random_feasible,topk,2000,1600,7.892555197079976,0.5376321167102113,48
random_feasible,topk,2000,1650,7.4760988454024,0.4853870660636732,48
random_feasible,topk,2000,1700,7.093279401461284,0.431521691094833,48
random_feasible,topk,2000,1750,6.751551161209743,0.3989738707627753,48
random_feasible,topk,2000,1800,6.4626942078272505,0.3910797283319417,48
random_feasible,topk,2000,1850,6.254254251718521,0.350926676569661,48
random_feasible,topk,2000,1900,6.0880322853724165,0.3418853684536991,48
random_feasible,topk,2000,1950,5.958512594302495,0.3403814637465531,48
random_feasible,topk,2000,2000,5.874472816785176,0.3409700464960458,48
random_feasible,topk,2000,2050,5.797979305187861,0.3394040549052097,48
random_feasible,topk,2000,2100,5.761973897616069,0.3358646967919507,48
random_feasible,topk,2000,2150,5.709762255350749,0.3143628159703262,48
random_feasible,topk,2000,2200,5.656051576137543,0.3155219972792814,48
random_feasible,topk,2000,2250,5.651404718557994,0.2942312810336188,48
random_feasible,topk,2000,2300,5.602727860212326,0.302531694044745,48
random_feasible,topk,2000,2350,5.575160314639409,0.2973924677346738,48
random_feasible,topk,2000,2400,5.54936084151268,0.2945892752616594,48
random_feasible,topk,2000,2450,5.531062722206116,0.2963339340311732,48
random_feasible,topk,2000,2500,5.5238388776779175,0.2947022183089716,48
random_feasible,topk,2000,2550,5.5128679672877,0.2762824450916314,48
random_feasible,topk,2000,2600,5.480013489723206,0.2802616833688907,48
random_feasible,topk,2000,2650,5.477128227551778,0.2818919748511957,48
random_feasible,topk,2000,2700,5.462072799603145,0.2848634552375627,48
random_feasible,topk,2000,2750,5.447263936201732,0.2916689405157328,48
random_feasible,topk,2000,2800,5.4320471584796906,0.2961690673096497,48
random_feasible,topk,2000,2850,5.431468993425369,0.2867466567951734,48
random_feasible,topk,2000,2900,5.442088574171066,0.2875327134652602,48
random_feasible,topk,2000,2950,5.432404696941376,0.2841039717790298,48
random_feasible,topk,2000,3000,5.435724427302678,0.2894288593198247,48
random_feasible,topk,2000,3050,5.425409376621246,0.288717199698122,48
random_feasible,topk,2000,3100,5.412599861621857,0.2780160824345026,48
random_feasible,topk,2000,3150,5.424288918574651,0.2903287110906377,48
random_feasible,topk,2000,3200,5.411448786656062,0.2888388773680697,48
random_feasible,topk,2000,3250,5.417741497357686,0.2740302857782127,48
random_feasible,topk,2000,3300,5.425447901089986,0.2898626098063522,48
random_feasible,topk,2000,3350,5.415428976217906,0.2814449854933919,48
random_feasible,topk,2000,3400,5.4161005318164825,0.275036624964882,48
random_feasible,topk,2000,3450,5.40861647327741,0.2719046228175364,48
random_feasible,topk,2000,3500,5.4034224053223925,0.2901766884210273,48
random_feasible,topk,2000,3550,5.407541632652283,0.2757252003499766,48
random_feasible,topk,2000,3600,5.402277797460556,0.2827000062196921,48
max_uncertainty_greedy,topk,2000,50,18.934249997138977,0.1973513663854685,48
max_uncertainty_greedy,topk,2000,100,17.40942108631134,0.265594121437875,48
max_uncertainty_greedy,topk,2000,150,15.428086141745249,0.2433720386416617,48
max_uncertainty_greedy,topk,2000,200,15.16823293765386,0.2594151329814779,48
max_uncertainty_greedy,topk,2000,250,17.567856828371685,0.3568783883244077,48
max_uncertainty_greedy,topk,2000,300,19.79273307323456,0.4804822682582706,48
max_uncertainty_greedy,topk,2000,350,21.023232380549118,0.6370154908930056,48
max_uncertainty_greedy,topk,2000,400,21.00494448343913,0.7088463793711567,48
max_uncertainty_greedy,topk,2000,450,20.727867523829143,0.7356305185477875,48
max_uncertainty_greedy,topk,2000,500,21.359870036443077,0.7145980728438279,48
max_uncertainty_greedy,topk,2000,550,22.289133826891582,0.847333059981343,48
max_uncertainty_greedy,topk,2000,600,23.110592524210613,0.9597519320543616,48
max_uncertainty_greedy,topk,2000,650,23.431405027707417,0.963489031486882,48
max_uncertainty_greedy,topk,2000,700,23.06362557411194,1.1341682115163836,48
max_uncertainty_greedy,topk,2000,750,22.112996379534405,1.251696183835271,48
max_uncertainty_greedy,topk,2000,800,20.703182458877563,1.3145641404066055,48
max_uncertainty_greedy,topk,2000,850,19.092589616775516,1.2348437895981856,48
max_uncertainty_greedy,topk,2000,900,17.87896450360616,1.2547055470921231,48
max_uncertainty_greedy,topk,2000,950,16.81184196472168,1.0970851958569274,48
max_uncertainty_greedy,topk,2000,1000,15.904710789521536,1.019990888438754,48
max_uncertainty_greedy,topk,2000,1050,15.320193668206532,0.9820823826748596,48
max_uncertainty_greedy,topk,2000,1100,14.640350997447968,0.9241525952099998,48
max_uncertainty_greedy,topk,2000,1150,13.9362530708313,0.840574821566748,48
max_uncertainty_greedy,topk,2000,1200,13.31736938158671,0.8432966157673135,48
max_uncertainty_greedy,topk,2000,1250,12.561407009760538,0.8015780013962273,48
max_uncertainty_greedy,topk,2000,1300,11.739200552304586,0.699948499817137,48
max_uncertainty_greedy,topk,2000,1350,10.962664743264517,0.6427700595797003,48
max_uncertainty_greedy,topk,2000,1400,10.129768709341684,0.6422787865101446,48
max_uncertainty_greedy,topk,2000,1450,9.408489247163136,0.6035818780110289,48
max_uncertainty_greedy,topk,2000,1500,8.845604648192724,0.5534447887702417,48
max_uncertainty_greedy,topk,2000,1550,8.338465452194214,0.5503406798482017,48
max_uncertainty_greedy,topk,2000,1600,7.855866859356563,0.5167013733506698,48
max_uncertainty_greedy,topk,2000,1650,7.414816379547119,0.4927005719324355,48
max_uncertainty_greedy,topk,2000,1700,7.052032172679901,0.4798307407698955,48
max_uncertainty_greedy,topk,2000,1750,6.698237637678782,0.4540205509688391,48
max_uncertainty_greedy,topk,2000,1800,6.440513422091802,0.4219681576359469,48
max_uncertainty_greedy,topk,2000,1850,6.239756534496944,0.4067976887918208,48
max_uncertainty_greedy,topk,2000,1900,6.076458682616551,0.3786733041351389,48
max_uncertainty_greedy,topk,2000,1950,5.989989320437114,0.3833437704270354,48
max_uncertainty_greedy,topk,2000,2000,5.885008662939072,0.3543888558873493,48
max_uncertainty_greedy,topk,2000,2050,5.802130252122879,0.3324644386486909,48
max_uncertainty_greedy,topk,2000,2100,5.74446028470993,0.3306802062766855,48
max_uncertainty_greedy,topk,2000,2150,5.702949066956838,0.3321216535400938,48
max_uncertainty_greedy,topk,2000,2200,5.68304185072581,0.3398393484607327,48
max_uncertainty_greedy,topk,2000,2250,5.655251661936442,0.3297690744573998,48
max_uncertainty_greedy,topk,2000,2300,5.650473684072495,0.3287523186307114,48
max_uncertainty_greedy,topk,2000,2350,5.630780478318532,0.3171242868523082,48
max_uncertainty_greedy,topk,2000,2400,5.61100713411967,0.3121723965212569,48
max_uncertainty_greedy,topk,2000,2450,5.602126518885295,0.3181767059609101,48
max_uncertainty_greedy,topk,2000,2500,5.586179922024409,0.3180635307087392,48
max_uncertainty_greedy,topk,2000,2550,5.555300225814183,0.3033213755998694,48
max_uncertainty_greedy,topk,2000,2600,5.530172457297643,0.3078803122587152,48
max_uncertainty_greedy,topk,2000,2650,5.50938402613004,0.3064369416147158,48
max_uncertainty_greedy,topk,2000,2700,5.516031235456467,0.3226808061012104,48
max_uncertainty_greedy,topk,2000,2750,5.483106255531311,0.3128107421567029,48
max_uncertainty_greedy,topk,2000,2800,5.48976590236028,0.3057239635161924,48
max_uncertainty_greedy,topk,2000,2850,5.488277534643809,0.2996278137675751,48
max_uncertainty_greedy,topk,2000,2900,5.483853697776794,0.3040148621672495,48
max_uncertainty_greedy,topk,2000,2950,5.480500290791194,0.2986723554693911,48
max_uncertainty_greedy,topk,2000,3000,5.488339523474376,0.3069500201552226,48
max_uncertainty_greedy,topk,2000,3050,5.478904873132706,0.3128797730380585,48
max_uncertainty_greedy,topk,2000,3100,5.47179388999939,0.3156853225747228,48
max_uncertainty_greedy,topk,2000,3150,5.474927296241124,0.3116279509067803,48
max_uncertainty_greedy,topk,2000,3200,5.463126460711162,0.3252016729458203,48
max_uncertainty_greedy,topk,2000,3250,5.468353480100632,0.3074350059909004,48
max_uncertainty_greedy,topk,2000,3300,5.46514567732811,0.3130899078227401,48
max_uncertainty_greedy,topk,2000,3350,5.472839444875717,0.3145827578900841,48
max_uncertainty_greedy,topk,2000,3400,5.470324635505676,0.2976057116507396,48
max_uncertainty_greedy,topk,2000,3450,5.470762064059575,0.3028636056764597,48
max_uncertainty_greedy,topk,2000,3500,5.456097056468328,0.3075068624150675,48
max_uncertainty_greedy,topk,2000,3550,5.464997380971909,0.3053651087455128,48
max_uncertainty_greedy,topk,2000,3600,5.466908733050029,0.3103089154658787,48
expected_info_gain,topk,2000,50,18.92035031318665,0.2018073918448627,48
expected_info_gain,topk,2000,100,17.430513660113018,0.2655628837584092,48
expected_info_gain,topk,2000,150,15.471540808677672,0.294127003729264,48
expected_info_gain,topk,2000,200,15.203815122445423,0.2960692370661494,48
expected_info_gain,topk,2000,250,17.59822944800059,0.3897353094272098,48
expected_info_gain,topk,2000,300,19.80506730079651,0.596664508151083,48
expected_info_gain,topk,2000,350,20.965251604715984,0.759495993524662,48
expected_info_gain,topk,2000,400,21.00244379043579,0.8020124985101686,48
expected_info_gain,topk,2000,450,20.758283853530884,0.7647208234034722,48
expected_info_gain,topk,2000,500,21.366612275441486,0.7370356310581675,48
expected_info_gain,topk,2000,550,22.19214447339376,0.7968430509246827,48
expected_info_gain,topk,2000,600,22.995733340581257,0.828011554072013,48
expected_info_gain,topk,2000,650,23.36848211288452,0.9174031029811064,48
expected_info_gain,topk,2000,700,23.006081501642864,1.0719609354648971,48
expected_info_gain,topk,2000,750,21.98743410905202,1.180508016598607,48
expected_info_gain,topk,2000,800,20.53142853577932,1.1807585187820575,48
expected_info_gain,topk,2000,850,18.987149198849995,1.1447901381423466,48
expected_info_gain,topk,2000,900,17.705616652965546,1.1650723097391904,48
expected_info_gain,topk,2000,950,16.659039914608,1.1771780921556485,48
expected_info_gain,topk,2000,1000,15.789338568846384,1.1649020044279386,48
expected_info_gain,topk,2000,1050,15.137913445631662,1.0855249052794405,48
expected_info_gain,topk,2000,1100,14.459784388542175,1.0205329975262838,48
expected_info_gain,topk,2000,1150,13.837692817052206,0.9522021505022606,48
expected_info_gain,topk,2000,1200,13.125100115935007,0.8549324977151488,48
expected_info_gain,topk,2000,1250,12.355792005856832,0.8549162078668702,48
expected_info_gain,topk,2000,1300,11.51243390639623,0.8195200154648363,48
expected_info_gain,topk,2000,1350,10.778283298015594,0.6892692367113594,48
expected_info_gain,topk,2000,1400,10.022241572539013,0.6510376957172139,48
expected_info_gain,topk,2000,1450,9.315171817938486,0.586784011879694,48
expected_info_gain,topk,2000,1500,8.736005127429962,0.5790341921874087,48
expected_info_gain,topk,2000,1550,8.239976584911346,0.5134726443170041,48
expected_info_gain,topk,2000,1600,7.773175875345866,0.4982337296226547,48
expected_info_gain,topk,2000,1650,7.371228744586308,0.4776667006370375,48
expected_info_gain,topk,2000,1700,6.996940980354945,0.444080171422037,48
expected_info_gain,topk,2000,1750,6.676516473293304,0.4162337914704493,48
expected_info_gain,topk,2000,1800,6.440636903047562,0.3992313684682361,48
expected_info_gain,topk,2000,1850,6.240986565748851,0.3654145975777,48
expected_info_gain,topk,2000,1900,6.070550501346588,0.3589076387821348,48
expected_info_gain,topk,2000,1950,5.949626972277959,0.3549171543372914,48
expected_info_gain,topk,2000,2000,5.835119644800822,0.3513698278907286,48
expected_info_gain,topk,2000,2050,5.754664242267609,0.3599825661200871,48
expected_info_gain,topk,2000,2100,5.720202644666036,0.3425332442660572,48
expected_info_gain,topk,2000,2150,5.676917761564255,0.3570296020643371,48
expected_info_gain,topk,2000,2200,5.625037501255672,0.3553268325087774,48
expected_info_gain,topk,2000,2250,5.609503169854482,0.3400195374853049,48
expected_info_gain,topk,2000,2300,5.571468790372212,0.3675901238615869,48
expected_info_gain,topk,2000,2350,5.56590215365092,0.3230416654739392,48
expected_info_gain,topk,2000,2400,5.548382838567098,0.3162312448627314,48
expected_info_gain,topk,2000,2450,5.54252490401268,0.3190563375512453,48
expected_info_gain,topk,2000,2500,5.523607929547628,0.3237355586246826,48
expected_info_gain,topk,2000,2550,5.510138948758443,0.3279345128830933,48
expected_info_gain,topk,2000,2600,5.487535307804744,0.3152947855148214,48
expected_info_gain,topk,2000,2650,5.468424528837204,0.3294787553605575,48
expected_info_gain,topk,2000,2700,5.4877423743406935,0.336328127117944,48
expected_info_gain,topk,2000,2750,5.482361535231273,0.3376642589788174,48
expected_info_gain,topk,2000,2800,5.455792238314946,0.3268617025810074,48
expected_info_gain,topk,2000,2850,5.4518018662929535,0.3215643197829336,48
expected_info_gain,topk,2000,2900,5.455414066712062,0.336935544300968,48
expected_info_gain,topk,2000,2950,5.4371353189150495,0.3220800135483351,48
expected_info_gain,topk,2000,3000,5.437466035286586,0.3308695208469643,48
expected_info_gain,topk,2000,3050,5.448712249596913,0.3243360095537997,48
expected_info_gain,topk,2000,3100,5.449880023797353,0.3242132102863119,48
expected_info_gain,topk,2000,3150,5.436857471863429,0.3250759443027908,48
expected_info_gain,topk,2000,3200,5.434758732716243,0.3149912290308656,48
expected_info_gain,topk,2000,3250,5.431302746136983,0.3184934385632198,48
expected_info_gain,topk,2000,3300,5.443463871876399,0.3240227388303155,48
expected_info_gain,topk,2000,3350,5.428887198368709,0.326099413480152,48
expected_info_gain,topk,2000,3400,5.431211948394775,0.3346256111140221,48
expected_info_gain,topk,2000,3450,5.437102397282918,0.3181654361950805,48
expected_info_gain,topk,2000,3500,5.420006364583969,0.3316985456545315,48
expected_info_gain,topk,2000,3550,5.430684626102448,0.3397687140555763,48
expected_info_gain,topk,2000,3600,5.441091785828273,0.3372912065614847,48
drl,topk,2000,50,15.095823645591736,0.1361246754019905,48
drl,topk,2000,100,10.331129113833107,0.156355186818266,48
drl,topk,2000,150,6.443511247634888,0.141612802298894,48
drl,topk,2000,200,4.540286779403687,0.1117024923285342,48
drl,topk,2000,250,3.5298689156770706,0.0915014906416991,48
drl,topk,2000,300,2.4659321953852973,0.0623133298391244,48
drl,topk,2000,350,1.420814688007037,0.0770361196302154,48
drl,topk,2000,400,0.6146788789580265,0.0723646068393641,48
drl,topk,2000,450,0.3162248904506365,0.0250419769167079,48
drl,topk,2000,500,0.2434403899436195,0.0136208790917413,48
drl,topk,2000,550,0.2124839959045251,0.0033196977146017,48
drl,topk,2000,600,0.1980538079515099,0.0035193978323568,48
drl,topk,2000,650,0.1874864653994639,0.0018897709975395,48
drl,topk,2000,700,0.1772789430494109,0.0015615841088253,48
drl,topk,2000,750,0.1683033816516399,0.0013215758482487,48
drl,topk,2000,800,0.1603490700945258,0.0012131069275421,48
drl,topk,2000,850,0.1535174325108528,0.001063585237669,48
drl,topk,2000,900,0.1475530775884787,0.0008196376944298,48
drl,topk,2000,950,0.1417250921949744,0.0007197198580741,48
drl,topk,2000,1000,0.1351379243036111,0.0007241269916685,48
drl,topk,2000,1050,0.1285987393930554,0.0008302282487514,48
drl,topk,2000,1100,0.1220943809797366,0.0005792297575847,48
drl,topk,2000,1150,0.1162674200410644,0.0004762612325148,48
drl,topk,2000,1200,0.1111143099454542,0.0004310934251364,48
drl,topk,2000,1250,0.1066574277356267,0.0003577071528158,48
drl,topk,2000,1300,0.1027164873667061,0.000403788068793,48
drl,topk,2000,1350,0.09962845640257,0.000309336530377,48
drl,topk,2000,1400,0.0971824998656908,0.0002983649692097,48
drl,topk,2000,1450,0.0954023936452965,0.0002755808130321,48
drl,topk,2000,1500,0.0940839826750258,0.0002101104819608,48
drl,topk,2000,1550,0.0928901463436583,0.0001976817647215,48
drl,topk,2000,1600,0.0917338508491714,0.0001778914164766,48
drl,topk,2000,1650,0.0906122997403144,0.0001697979957499,48
drl,topk,2000,1700,0.0896724482687811,0.0001694827695494,48
drl,topk,2000,1750,0.088848444322745,0.0001437397922507,48
drl,topk,2000,1800,0.0882210377603769,0.0001473707436141,48
drl,topk,2000,1850,0.0877756762007872,0.0001375140249294,48
drl,topk,2000,1900,0.0873979423195123,0.0001253827061204,48
drl,topk,2000,1950,0.0871317875571549,0.0001248867690358,48
drl,topk,2000,2000,0.0870291197982927,0.0001349450357958,48
drl,topk,2000,2050,0.086972775713851,0.0001642882600878,48
drl,topk,2000,2100,0.086965178605169,0.0001548528386359,48
drl,topk,2000,2150,0.0868670231041808,0.0001568674148691,48
drl,topk,2000,2200,0.0866016933384041,0.0001550620839233,48
drl,topk,2000,2250,0.0863215626838306,0.0001513565247765,48
drl,topk,2000,2300,0.0860132683689395,0.0001579289015513,48
drl,topk,2000,2350,0.0857067342537144,0.000163223723362,48
drl,topk,2000,2400,0.085527961452802,0.0001570408522456,48
drl,topk,2000,2450,0.0854082865019639,0.0001347564097328,48
drl,topk,2000,2500,0.0852786265313625,0.0001391727208565,48
drl,topk,2000,2550,0.0851691545297702,0.0001220273381605,48
drl,topk,2000,2600,0.0850608339533209,0.0001157021659169,48
drl,topk,2000,2650,0.0849337796680629,0.0001439160643171,48
drl,topk,2000,2700,0.0849289145941535,0.0001351679775761,48
drl,topk,2000,2750,0.0849154967193802,0.0001196874576727,48
drl,topk,2000,2800,0.0848484560847282,0.0001320399440063,48
drl,topk,2000,2850,0.0847632254784305,0.0001661524039746,48
drl,topk,2000,2900,0.08467339258641,0.0001252958449594,48
drl,topk,2000,2950,0.0846107872202992,0.000115870775032,48
drl,topk,2000,3000,0.0846455196539561,0.0001364700032772,48
drl,topk,2000,3050,0.0846893186680972,0.0001208404490294,48
drl,topk,2000,3100,0.0846643992699682,0.0001218599201671,48
drl,topk,2000,3150,0.0845865012767414,0.0001016088439789,48
drl,topk,2000,3200,0.0845095676680405,9.492620999129104e-05,48
drl,topk,2000,3250,0.0844733454287052,0.000108576631106,48
drl,topk,2000,3300,0.0845593543102343,0.0001299143863042,48
drl,topk,2000,3350,0.0846245425442854,0.000125455057473,48
drl,topk,2000,3400,0.0845673191361129,0.0001038326069775,48
drl,topk,2000,3450,0.0845245053060352,0.0001047576210051,48
drl,topk,2000,3500,0.0844553421872357,0.0001137228014246,48
drl,topk,2000,3550,0.0844497182406485,0.0001156442697405,48
drl,topk,2000,3600,0.0845575306254128,0.0001210286437974,48
random_feasible,topk,3000,50,19.52561660607656,0.1459695879187077,48
random_feasible,topk,3000,100,18.653919617335003,0.1767352156977111,48
random_feasible,topk,3000,150,17.180327534675598,0.1817016763558499,48
random_feasible,topk,3000,200,17.533281564712524,0.2007034483825777,48
random_feasible,topk,3000,250,21.38022577762604,0.2624091271292879,48
random_feasible,topk,3000,300,25.591374079386394,0.3753171720327023,48
random_feasible,topk,3000,350,29.11638144652049,0.5042171610318019,48
random_feasible,topk,3000,400,31.58140818277995,0.6468906465967155,48
random_feasible,topk,3000,450,33.11819144090017,0.7425484631155876,48
random_feasible,topk,3000,500,34.79728547732035,0.8499636881133726,48
random_feasible,topk,3000,550,36.69593421618144,0.9206732391765952,48
random_feasible,topk,3000,600,38.72898896535238,1.0332122414464937,48
random_feasible,topk,3000,650,40.67338514328003,1.0397898313852054,48
random_feasible,topk,3000,700,43.01239021619161,0.9822049289529078,48
random_feasible,topk,3000,750,46.157466093699135,1.0301960691350496,48
random_feasible,topk,3000,800,49.309127728144325,1.2351627773933302,48
random_feasible,topk,3000,850,51.550244410832725,1.437357034024989,48
random_feasible,topk,3000,900,52.61246204376221,1.6068160954873068,48
random_feasible,topk,3000,950,52.822237730026245,1.671066195406645,48
random_feasible,topk,3000,1000,52.525205294291176,1.6542319771802538,48
random_feasible,topk,3000,1050,52.19988950093588,1.6700519186931375,48
random_feasible,topk,3000,1100,51.83406654993693,1.7869627218646795,48
random_feasible,topk,3000,1150,51.26852790514628,1.8930809930623325,48
random_feasible,topk,3000,1200,50.39009435971578,1.9912117735220416,48
random_feasible,topk,3000,1250,48.90179340044657,2.070164169725248,48
random_feasible,topk,3000,1300,46.79237540562948,2.212948777818452,48
random_feasible,topk,3000,1350,44.46771820386251,2.3055557860108955,48
random_feasible,topk,3000,1400,42.33095717430115,2.135542171939275,48
random_feasible,topk,3000,1450,40.32497255007426,2.0443921807551484,48
random_feasible,topk,3000,1500,38.29178841908773,1.940627239801183,48
random_feasible,topk,3000,1550,36.1900277932485,1.8832342717386783,48
random_feasible,topk,3000,1600,33.93585526943207,1.908271924031193,48
random_feasible,topk,3000,1650,31.8190602461497,1.7896038611678122,48
random_feasible,topk,3000,1700,29.914178411165874,1.598868134313754,48
random_feasible,topk,3000,1750,28.32734632492065,1.4261934186918812,48
random_feasible,topk,3000,1800,26.96314001083374,1.3595444552425633,48
random_feasible,topk,3000,1850,25.710874438285828,1.3060361998192649,48
random_feasible,topk,3000,1900,24.37525264422099,1.282874451392004,48
random_feasible,topk,3000,1950,23.156981547673546,1.1771460069121065,48
random_feasible,topk,3000,2000,22.065448999404907,1.0870844088604084,48
random_feasible,topk,3000,2050,21.10923143227895,0.9965919111332228,48
random_feasible,topk,3000,2100,20.295262734095257,0.9399582135236314,48
random_feasible,topk,3000,2150,19.53509596983592,0.9411223226367544,48
random_feasible,topk,3000,2200,18.79775508244832,0.9023172775990392,48
random_feasible,topk,3000,2250,18.111712098121643,0.8625903950111283,48
random_feasible,topk,3000,2300,17.500803689161938,0.8571756651951,48
random_feasible,topk,3000,2350,17.05004870891571,0.766385039120561,48
random_feasible,topk,3000,2400,16.76660168170929,0.7229043154264305,48
random_feasible,topk,3000,2450,16.540995121002197,0.6423995556435921,48
random_feasible,topk,3000,2500,16.349500219027203,0.6370673168953166,48
random_feasible,topk,3000,2550,16.238554040590923,0.6109404526973385,48
random_feasible,topk,3000,2600,16.143027901649475,0.6097187961616857,48
random_feasible,topk,3000,2650,16.11473035812378,0.5981804263628443,48
random_feasible,topk,3000,2700,16.08336140712102,0.6050716602239258,48
random_feasible,topk,3000,2750,16.07412827014923,0.5836610162360161,48
random_feasible,topk,3000,2800,16.070353905359905,0.5824317191253794,48
random_feasible,topk,3000,2850,16.07494459549586,0.5866156704299613,48
random_feasible,topk,3000,2900,16.084838489691418,0.5944550540835849,48
random_feasible,topk,3000,2950,16.106251378854115,0.5737468498706606,48
random_feasible,topk,3000,3000,16.119943499565125,0.5710968497316972,48
random_feasible,topk,3000,3050,16.129432658354443,0.5674160496364103,48
random_feasible,topk,3000,3100,16.127129157384235,0.5702904700051489,48
random_feasible,topk,3000,3150,16.106726189454395,0.5631650174591928,48
random_feasible,topk,3000,3200,16.08059416214625,0.568842384772624,48
random_feasible,topk,3000,3250,16.06329341729482,0.559456441318939,48
random_feasible,topk,3000,3300,16.059710999329884,0.5566110391804554,48
random_feasible,topk,3000,3350,16.03012082974116,0.5710771066108192,48
random_feasible,topk,3000,3400,15.959696829319,0.5561624948196141,48
random_feasible,topk,3000,3450,15.898733576138817,0.546254315239736,48
random_feasible,topk,3000,3500,15.873921811580658,0.5680066495346053,48
random_feasible,topk,3000,3550,15.875989437103271,0.5603898898875315,48
random_feasible,topk,3000,3600,15.872601707776388,0.5710610811483374,48
max_uncertainty_greedy,topk,3000,50,19.51852011680603,0.1360665151656522,48
max_uncertainty_greedy,topk,3000,100,18.64995547135671,0.1709255863347817,48
max_uncertainty_greedy,topk,3000,150,17.1814839442571,0.2000275030450783,48
max_uncertainty_greedy,topk,3000,200,17.55362876256307,0.1975949347514142,48
max_uncertainty_greedy,topk,3000,250,21.4652502934138,0.3003747447544807,48
max_uncertainty_greedy,topk,3000,300,25.66288419564565,0.4336240240997001,48
max_uncertainty_greedy,topk,3000,350,29.12858748435974,0.611120670955098,48
max_uncertainty_greedy,topk,3000,400,31.64907801151276,0.7453346126361344,48
max_uncertainty_greedy,topk,3000,450,33.18193523089091,0.9051669005362122,48
max_uncertainty_greedy,topk,3000,500,34.92724887530009,1.0984539291382436,48
max_uncertainty_greedy,topk,3000,550,36.87741843859354,1.1991347423310696,48
max_uncertainty_greedy,topk,3000,600,38.80434012413025,1.2507060176697955,48
max_uncertainty_greedy,topk,3000,650,40.75908287366232,1.2418116999532085,48
max_uncertainty_greedy,topk,3000,700,42.95897189776103,1.1728666581143086,48
max_uncertainty_greedy,topk,3000,750,46.13126468658447,1.2864622687185376,48
max_uncertainty_greedy,topk,3000,800,49.13771470387777,1.5843572915844797,48
max_uncertainty_greedy,topk,3000,850,51.40369693438212,1.8899827954490116,48
max_uncertainty_greedy,topk,3000,900,52.66742467880249,2.068886408217636,48
max_uncertainty_greedy,topk,3000,950,52.97283482551575,2.125782367493048,48
max_uncertainty_greedy,topk,3000,1000,52.61896125475565,2.250713209923396,48
max_uncertainty_greedy,topk,3000,1050,52.37870279947917,2.31042740302593,48
max_uncertainty_greedy,topk,3000,1100,52.0327533086141,2.4346772047036995,48
max_uncertainty_greedy,topk,3000,1150,51.45191605885824,2.428224163215418,48
max_uncertainty_greedy,topk,3000,1200,50.41697804133097,2.5864134666588448,48
max_uncertainty_greedy,topk,3000,1250,48.981436332066856,2.7361579876781392,48
max_uncertainty_greedy,topk,3000,1300,46.988155921300255,2.826992700274267,48
max_uncertainty_greedy,topk,3000,1350,44.76940608024597,2.8459201329331094,48
max_uncertainty_greedy,topk,3000,1400,42.63717579841614,2.659744507237916,48
max_uncertainty_greedy,topk,3000,1450,40.46464864412943,2.5071732111596243,48
max_uncertainty_greedy,topk,3000,1500,38.47671890258789,2.349328203350157,48
max_uncertainty_greedy,topk,3000,1550,36.37360163529714,2.220186759556423,48
max_uncertainty_greedy,topk,3000,1600,34.1381250222524,2.1082298002021265,48
max_uncertainty_greedy,topk,3000,1650,31.917502681414287,1.98362059370012,48
max_uncertainty_greedy,topk,3000,1700,29.913692196210224,1.7138331240149745,48
max_uncertainty_greedy,topk,3000,1750,28.28736710548401,1.449953247374367,48
max_uncertainty_greedy,topk,3000,1800,26.90930811564128,1.309738691244302,48
max_uncertainty_greedy,topk,3000,1850,25.61720395088196,1.2890461303573255,48
max_uncertainty_greedy,topk,3000,1900,24.258163134257,1.2083880510050022,48
max_uncertainty_greedy,topk,3000,1950,23.012275497118637,1.111802503075576,48
max_uncertainty_greedy,topk,3000,2000,21.96133331457774,1.052890627258692,48
max_uncertainty_greedy,topk,3000,2050,21.046573122342423,0.9412367271416467,48
max_uncertainty_greedy,topk,3000,2100,20.23625961939494,0.8778029200924613,48
max_uncertainty_greedy,topk,3000,2150,19.546868761380512,0.8266804082151533,48
max_uncertainty_greedy,topk,3000,2200,18.861312588055927,0.828436110324022,48
max_uncertainty_greedy,topk,3000,2250,18.165722330411278,0.8449790471070223,48
max_uncertainty_greedy,topk,3000,2300,17.538864016532898,0.8471102578926959,48
max_uncertainty_greedy,topk,3000,2350,17.0742493669192,0.7877400943844647,48
max_uncertainty_greedy,topk,3000,2400,16.75994811455409,0.7693090456693968,48
max_uncertainty_greedy,topk,3000,2450,16.500524898370106,0.7653386956875473,48
max_uncertainty_greedy,topk,3000,2500,16.34189546108246,0.7377137557315296,48
max_uncertainty_greedy,topk,3000,2550,16.202453712622326,0.7158039222516057,48
max_uncertainty_greedy,topk,3000,2600,16.12042490641276,0.7250258100263461,48
max_uncertainty_greedy,topk,3000,2650,16.05406481027603,0.6992838675439612,48
max_uncertainty_greedy,topk,3000,2700,16.066716293493908,0.6942394174459915,48
max_uncertainty_greedy,topk,3000,2750,16.06441507736842,0.6932026733462178,48
max_uncertainty_greedy,topk,3000,2800,16.078383048375446,0.6842017816867062,48
max_uncertainty_greedy,topk,3000,2850,16.071163058280945,0.7025804969019669,48
max_uncertainty_greedy,topk,3000,2900,16.077827910582226,0.699402108570101,48
max_uncertainty_greedy,topk,3000,2950,16.108088215192158,0.6882122134449908,48
max_uncertainty_greedy,topk,3000,3000,16.12506713469823,0.6728331556174159,48
max_uncertainty_greedy,topk,3000,3050,16.13223620255788,0.6703702336592756,48
max_uncertainty_greedy,topk,3000,3100,16.127074976762135,0.6568153860046566,48
max_uncertainty_greedy,topk,3000,3150,16.098580797513325,0.6634186491954982,48
max_uncertainty_greedy,topk,3000,3200,16.080092867215473,0.6578724346441335,48
max_uncertainty_greedy,topk,3000,3250,16.07306541999181,0.6579710027847004,48
max_uncertainty_greedy,topk,3000,3300,16.068173627058666,0.6386598656141247,48
max_uncertainty_greedy,topk,3000,3350,16.017692188421886,0.6562785382779951,48
max_uncertainty_greedy,topk,3000,3400,15.96413912375768,0.6337317700082679,48
max_uncertainty_greedy,topk,3000,3450,15.938479085763296,0.6585233937541521,48
max_uncertainty_greedy,topk,3000,3500,15.904723743597666,0.6433049259376278,48
max_uncertainty_greedy,topk,3000,3550,15.89315813779831,0.6143395402834142,48
max_uncertainty_greedy,topk,3000,3600,15.888007402420044,0.6254138097843128,48
expected_info_gain,topk,3000,50,19.532171845436096,0.1536806420315958,48
expected_info_gain,topk,3000,100,18.688236633936565,0.1930273131154508,48
expected_info_gain,topk,3000,150,17.175322373708088,0.1776488498972969,48
expected_info_gain,topk,3000,200,17.54447940985362,0.2266337576008529,48
expected_info_gain,topk,3000,250,21.432815432548523,0.2846594535705964,48
expected_info_gain,topk,3000,300,25.63956133524577,0.3710168905436985,48
expected_info_gain,topk,3000,350,29.169872442881267,0.5151602138783221,48
expected_info_gain,topk,3000,400,31.684258898099262,0.6285117698975369,48
expected_info_gain,topk,3000,450,33.29548680782318,0.7328055627836222,48
expected_info_gain,topk,3000,500,35.012677907943726,0.8423207264566899,48
expected_info_gain,topk,3000,550,36.96261715888977,0.924067546782071,48
expected_info_gain,topk,3000,600,38.93106961250305,1.0431134354691145,48
expected_info_gain,topk,3000,650,40.819307247797646,1.1047780490861732,48
expected_info_gain,topk,3000,700,43.13769745826721,1.080580480138441,48
expected_info_gain,topk,3000,750,46.269763231277466,1.169503329434124,48
expected_info_gain,topk,3000,800,49.47585844993591,1.4039458953337531,48
expected_info_gain,topk,3000,850,51.75498135884603,1.585483172446471,48
expected_info_gain,topk,3000,900,52.88409169514974,1.69098138160429,48
expected_info_gain,topk,3000,950,53.16304183006287,1.888531102522492,48
expected_info_gain,topk,3000,1000,52.82635807991028,1.9472796974901372,48
expected_info_gain,topk,3000,1050,52.45591203371684,1.9158507679787868,48
expected_info_gain,topk,3000,1100,52.2550798257192,2.0263191350170606,48
expected_info_gain,topk,3000,1150,51.606398264567055,2.048875977242879,48
expected_info_gain,topk,3000,1200,50.71967848141989,2.2314954934355984,48
expected_info_gain,topk,3000,1250,49.28750809033712,2.3898139331497954,48
expected_info_gain,topk,3000,1300,47.27399754524231,2.485963494443739,48
expected_info_gain,topk,3000,1350,45.08868853251139,2.4598615444944127,48
expected_info_gain,topk,3000,1400,42.8385914961497,2.285121156396789,48
expected_info_gain,topk,3000,1450,40.6650238831838,2.173825518590022,48
expected_info_gain,topk,3000,1500,38.6084246635437,2.097083037095892,48
expected_info_gain,topk,3000,1550,36.48476326465607,2.1034406673930817,48
expected_info_gain,topk,3000,1600,34.27500720818838,2.0501586208021303,48
expected_info_gain,topk,3000,1650,32.060095389684044,1.969855508957526,48
expected_info_gain,topk,3000,1700,30.137540976206463,1.6867728858088575,48
expected_info_gain,topk,3000,1750,28.494351744651794,1.4649820936366416,48
expected_info_gain,topk,3000,1800,27.125306407610577,1.323980431262176,48
expected_info_gain,topk,3000,1850,25.69149327278137,1.1947385891073214,48
expected_info_gain,topk,3000,1900,24.34995408852895,1.1350357924394192,48
expected_info_gain,topk,3000,1950,23.1347819964091,1.074733490064002,48
expected_info_gain,topk,3000,2000,22.050296703974407,0.9685381039240142,48
expected_info_gain,topk,3000,2050,21.09845534960429,0.8805984050062525,48
expected_info_gain,topk,3000,2100,20.31632423400879,0.8605294155367497,48
expected_info_gain,topk,3000,2150,19.583450476328533,0.8824361191222929,48
expected_info_gain,topk,3000,2200,18.81651945908864,0.893246384460489,48
expected_info_gain,topk,3000,2250,18.19089599450429,0.8725909722686369,48
expected_info_gain,topk,3000,2300,17.57039499282837,0.8228169585233284,48
expected_info_gain,topk,3000,2350,17.11357667048772,0.7449169042806368,48
expected_info_gain,topk,3000,2400,16.793083945910137,0.6549029456295996,48
expected_info_gain,topk,3000,2450,16.54268540938695,0.6136126150176499,48
expected_info_gain,topk,3000,2500,16.383805731932323,0.6135626573828799,48
expected_info_gain,topk,3000,2550,16.226591646671295,0.6095560304190727,48
expected_info_gain,topk,3000,2600,16.182649791240692,0.6074755031843361,48
expected_info_gain,topk,3000,2650,16.137775441010792,0.6243739568005359,48
expected_info_gain,topk,3000,2700,16.15062423547109,0.6054112991926148,48
expected_info_gain,topk,3000,2750,16.12154237429301,0.6221486210492677,48
expected_info_gain,topk,3000,2800,16.107477227846783,0.602793936092339,48
expected_info_gain,topk,3000,2850,16.10992532968521,0.5821579327307451,48
expected_info_gain,topk,3000,2900,16.12648065884908,0.6092766577470298,48
expected_info_gain,topk,3000,2950,16.161999305089314,0.6058516306802855,48
expected_info_gain,topk,3000,3000,16.2042688926061,0.6015422562999396,48
expected_info_gain,topk,3000,3050,16.213043808937073,0.5965865028631899,48
expected_info_gain,topk,3000,3100,16.20694116751353,0.5843784834004833,48
expected_info_gain,topk,3000,3150,16.1765540043513,0.5634297427596018,48
expected_info_gain,topk,3000,3200,16.173895637194317,0.5776249819359911,48
expected_info_gain,topk,3000,3250,16.14919924736023,0.5827876043889795,48
expected_info_gain,topk,3000,3300,16.15399690469106,0.5858321191046675,48
expected_info_gain,topk,3000,3350,16.110563218593597,0.5926641752255252,48
expected_info_gain,topk,3000,3400,16.057584484418232,0.5996942492386449,48
expected_info_gain,topk,3000,3450,15.996195713678995,0.5686326404000119,48
expected_info_gain,topk,3000,3500,15.960465888182322,0.5828007524224097,48
expected_info_gain,topk,3000,3550,15.953175783157349,0.5926730763549606,48
expected_info_gain,topk,3000,3600,15.942862729231516,0.5827799738912078,48
drl,topk,3000,50,16.868154247601826,0.1045244417236079,48
drl,topk,3000,100,13.673025965690613,0.1118133252123871,48
drl,topk,3000,150,10.659906486670176,0.1154310293422562,48
drl,topk,3000,200,8.918681681156158,0.1115862396450733,48
drl,topk,3000,250,7.824337701002757,0.1420617835911587,48
drl,topk,3000,300,6.754630625247955,0.1372771164192884,48
drl,topk,3000,350,6.137491395076116,0.112001292973331,48
drl,topk,3000,400,5.654549270868301,0.1089213688104356,48
drl,topk,3000,450,4.76092666387558,0.1179942852967351,48
drl,topk,3000,500,3.1237013041973114,0.1319051799589487,48
drl,topk,3000,550,1.3263722484310467,0.1278872354423787,48
drl,topk,3000,600,0.4892876011629899,0.05953778555706,48
drl,topk,3000,650,0.3113388412942489,0.0173024941989486,48
drl,topk,3000,700,0.2773370711753766,0.0114329701285372,48
drl,topk,3000,750,0.2512647099792957,0.0059096742883898,48
drl,topk,3000,800,0.2290492287526528,0.003546314993169,48
drl,topk,3000,850,0.2135633820046981,0.0022891858211738,48
drl,topk,3000,900,0.204307796433568,0.0012453392913944,48
drl,topk,3000,950,0.1961311576887965,0.0009754728708245,48
drl,topk,3000,1000,0.1855715597048401,0.0010142382302424,48
drl,topk,3000,1050,0.1733006297921141,0.0010511793041195,48
drl,topk,3000,1100,0.1617928752675652,0.0008791546565395,48
drl,topk,3000,1150,0.1527700722217559,0.0008254971893834,48
drl,topk,3000,1200,0.1452968971182902,0.000692699239519,48
drl,topk,3000,1250,0.1380990740532676,0.0007148776926424,48
drl,topk,3000,1300,0.1309856114288171,0.0005641024987924,48
drl,topk,3000,1350,0.1249595385355254,0.0004155332922831,48
drl,topk,3000,1400,0.1203474355861544,0.0003695705099691,48
drl,topk,3000,1450,0.1169271526547769,0.0003788227256727,48
drl,topk,3000,1500,0.1142412580860157,0.0003311875196782,48
drl,topk,3000,1550,0.1117807185898224,0.0002718653363434,48
drl,topk,3000,1600,0.1095593770345052,0.0002788689871059,48
drl,topk,3000,1650,0.1076002285505334,0.0002531870866044,48
drl,topk,3000,1700,0.1059490111656487,0.0002431728286563,48
drl,topk,3000,1750,0.1046038580437501,0.0002274135060049,48
drl,topk,3000,1800,0.1036155133818586,0.0002006287281738,48
drl,topk,3000,1850,0.1028332416899502,0.000187182397822,48
drl,topk,3000,1900,0.1022351786183814,0.0001863141788689,48
drl,topk,3000,1950,0.101819481079777,0.0001703984586922,48
drl,topk,3000,2000,0.1015985060172776,0.0001468731959469,48
drl,topk,3000,2050,0.1014954874602456,0.0001244712753581,48
drl,topk,3000,2100,0.1014629115040103,0.0001561485155593,48
drl,topk,3000,2150,0.1013178822274009,0.0001506045159547,48
drl,topk,3000,2200,0.1009335999066631,0.0001522501562663,48
drl,topk,3000,2250,0.1003626917178432,0.0001459873290174,48
drl,topk,3000,2300,0.099733034769694,0.0001282915925556,48
drl,topk,3000,2350,0.0991563589001695,0.0001311166012343,48
drl,topk,3000,2400,0.0986748604724804,0.000152476071066,48
drl,topk,3000,2450,0.0982635235413909,0.0001608834872813,48
drl,topk,3000,2500,0.0978561767066518,0.0001563263245374,48
drl,topk,3000,2550,0.097481790309151,0.0001309862751401,48
drl,topk,3000,2600,0.0971572557464242,0.0001472554747996,48
drl,topk,3000,2650,0.0969236708867053,0.0001473968585299,48
drl,topk,3000,2700,0.0967915289414425,0.0001540136399962,48
drl,topk,3000,2750,0.0966088500184317,0.0001372549943371,48
drl,topk,3000,2800,0.0962843364104628,0.0001418372926531,48
drl,topk,3000,2850,0.0958812038103739,0.0001307328680036,48
drl,topk,3000,2900,0.0954674111368755,0.0001167302237696,48
drl,topk,3000,2950,0.0951632824726402,0.000125683350871,48
drl,topk,3000,3000,0.0949768316932022,0.0001286622127325,48
drl,topk,3000,3050,0.0948436831434567,0.0001455806361664,48
drl,topk,3000,3100,0.0946389900830884,0.0001540972282088,48
drl,topk,3000,3150,0.0944265223418672,0.000160468199787,48
drl,topk,3000,3200,0.0942034792775909,0.0001266774979192,48
drl,topk,3000,3250,0.094129538629204,0.0001231443239517,48
drl,topk,3000,3300,0.0941638709045946,0.0001128495042305,48
drl,topk,3000,3350,0.0941312303766608,0.0001250442793858,48
drl,topk,3000,3400,0.0939574077104528,0.0001269103143067,48
drl,topk,3000,3450,0.0936816337828834,0.0001217233556488,48
drl,topk,3000,3500,0.0934110110004742,0.0001027720077787,48
drl,topk,3000,3550,0.0932950779485205,9.872257959656698e-05,48
drl,topk,3000,3600,0.0933488869729141,0.0001257703078958,48
random_feasible,topk,4000,50,19.815365473429363,0.1095806737476624,48
random_feasible,topk,4000,100,19.264411250750225,0.135895075491582,48
random_feasible,topk,4000,150,18.038620471954346,0.1403176027843511,48
random_feasible,topk,4000,200,18.7112508614858,0.1654185997497113,48
random_feasible,topk,4000,250,23.340327938397724,0.2245871701050077,48
random_feasible,topk,4000,300,28.52799101670583,0.3044467961091717,48
random_feasible,topk,4000,350,33.22083886464437,0.4047023310797212,48
random_feasible,topk,4000,400,37.03265976905823,0.4954063637560903,48
random_feasible,topk,4000,450,40.00089303652445,0.5448968396093231,48
random_feasible,topk,4000,500,43.11730726559957,0.603426842618412,48
random_feasible,topk,4000,550,46.50474341710409,0.6628719735902614,48
random_feasible,topk,4000,600,49.97506936391195,0.7833143458817494,48
random_feasible,topk,4000,650,53.12668379147848,0.8504006948966574,48
random_feasible,topk,4000,700,55.93127965927124,0.8753687167550303,48
random_feasible,topk,4000,750,58.81637136141459,0.8820918896827643,48
random_feasible,topk,4000,800,61.900280793507896,0.8937474832393901,48
random_feasible,topk,4000,850,64.75960659980774,0.8295649687048932,48
random_feasible,topk,4000,900,67.29901202519734,0.7589839752005367,48
random_feasible,topk,4000,950,69.19220908482869,0.7826244139644676,48
random_feasible,topk,4000,1000,70.36439641316731,0.8731845982629012,48
random_feasible,topk,4000,1050,71.20981884002686,0.8658722632488708,48
random_feasible,topk,4000,1100,71.54903841018677,0.8701152385579489,48
random_feasible,topk,4000,1150,71.37683486938477,0.8667908998951994,48
random_feasible,topk,4000,1200,70.90129470825195,0.8618611731128527,48
random_feasible,topk,4000,1250,70.24396419525146,0.92621729745986,48
random_feasible,topk,4000,1300,69.57856734593709,0.8785132520461129,48
random_feasible,topk,4000,1350,69.2711280186971,0.8951810781719461,48
random_feasible,topk,4000,1400,68.85051981608073,0.9603327679653596,48
random_feasible,topk,4000,1450,67.86992581685384,1.0367087883498292,48
random_feasible,topk,4000,1500,66.50888872146606,1.1717871217825186,48
random_feasible,topk,4000,1550,64.77988465627034,1.2622841955672894,48
random_feasible,topk,4000,1600,62.70678615570069,1.2848678525450623,48
random_feasible,topk,4000,1650,60.42377305030823,1.4188445574267834,48
random_feasible,topk,4000,1700,57.88975620269776,1.4540888751452656,48
random_feasible,topk,4000,1750,55.12509107589722,1.5135074443551932,48
random_feasible,topk,4000,1800,52.233291228612266,1.4944802339341463,48
random_feasible,topk,4000,1850,49.24105509122213,1.5370749011973912,48
random_feasible,topk,4000,1900,46.30683747927348,1.5479315405403016,48
random_feasible,topk,4000,1950,43.60421045621237,1.419925309960903,48
random_feasible,topk,4000,2000,40.957154750823975,1.3499213628217834,48
random_feasible,topk,4000,2050,38.38679083188375,1.3395308722417492,48
random_feasible,topk,4000,2100,35.92925254503886,1.3251542263158298,48
random_feasible,topk,4000,2150,33.30349854628245,1.2871979560387257,48
random_feasible,topk,4000,2200,30.75225826104482,1.2267901067852025,48
random_feasible,topk,4000,2250,28.56089746952057,1.101768826935129,48
random_feasible,topk,4000,2300,26.90768027305603,0.9003176960549581,48
random_feasible,topk,4000,2350,25.51460250218709,0.7889167264035553,48
random_feasible,topk,4000,2400,24.34591980775197,0.6942442506628579,48
random_feasible,topk,4000,2450,23.291049361228943,0.6172924500462477,48
random_feasible,topk,4000,2500,22.375035683314007,0.5422216976498914,48
random_feasible,topk,4000,2550,21.62787465254466,0.5028579866409819,48
random_feasible,topk,4000,2600,21.06162444750468,0.4591252158741307,48
random_feasible,topk,4000,2650,20.64290197690328,0.3947446473058824,48
random_feasible,topk,4000,2700,20.39972722530365,0.3617780944993393,48
random_feasible,topk,4000,2750,20.24530164400737,0.3549072206233373,48
random_feasible,topk,4000,2800,20.128032604853317,0.3423100171500025,48
random_feasible,topk,4000,2850,20.06023049354553,0.316806211458905,48
random_feasible,topk,4000,2900,20.08415420850118,0.3034893117880035,48
random_feasible,topk,4000,2950,20.121495525042217,0.2976246334167279,48
random_feasible,topk,4000,3000,20.222554445266724,0.2923983136193662,48
random_feasible,topk,4000,3050,20.34574329853058,0.2886459803718479,48
random_feasible,topk,4000,3100,20.46327491601308,0.2912720194693212,48
random_feasible,topk,4000,3150,20.630186875661213,0.2761739914715881,48
random_feasible,topk,4000,3200,20.80380876859029,0.2715364458556994,48
random_feasible,topk,4000,3250,20.99903949101766,0.2833498306065188,48
random_feasible,topk,4000,3300,21.189864714940388,0.2552880325371335,48
random_feasible,topk,4000,3350,21.34428294499715,0.276343707121427,48
random_feasible,topk,4000,3400,21.44297746817271,0.2848008201722046,48
random_feasible,topk,4000,3450,21.53841276963552,0.2704190321395913,48
random_feasible,topk,4000,3500,21.588768005371094,0.273934263716213,48
random_feasible,topk,4000,3550,21.64507663249969,0.2885133954474915,48
random_feasible,topk,4000,3600,21.65661859512329,0.2944879609166702,48
max_uncertainty_greedy,topk,4000,50,19.828115940093998,0.1220502435058568,48
max_uncertainty_greedy,topk,4000,100,19.29033013184865,0.1451985485489217,48
max_uncertainty_greedy,topk,4000,150,18.06045965353648,0.1484042512977951,48
max_uncertainty_greedy,topk,4000,200,18.71419922510783,0.1651343562139216,48
max_uncertainty_greedy,topk,4000,250,23.31675453980764,0.2506789616866446,48
max_uncertainty_greedy,topk,4000,300,28.538432359695435,0.3450058673285759,48
max_uncertainty_greedy,topk,4000,350,33.25567356745402,0.4597230384091353,48
max_uncertainty_greedy,topk,4000,400,37.07421318689982,0.5568792782100369,48
max_uncertainty_greedy,topk,4000,450,40.02571082115173,0.6395272441518064,48
max_uncertainty_greedy,topk,4000,500,43.06629474957784,0.6727504615082863,48
max_uncertainty_greedy,topk,4000,550,46.531184593836464,0.7004519452010242,48
max_uncertainty_greedy,topk,4000,600,49.98798084259033,0.8037519579266563,48
max_uncertainty_greedy,topk,4000,650,53.06255451838175,0.8655685153938261,48
max_uncertainty_greedy,topk,4000,700,55.93833112716675,0.8932122243108428,48
max_uncertainty_greedy,topk,4000,750,58.80146757761637,0.8748579522767577,48
max_uncertainty_greedy,topk,4000,800,61.93709055582682,0.8023231427061118,48
max_uncertainty_greedy,topk,4000,850,64.94762031237285,0.7053647523269755,48
max_uncertainty_greedy,topk,4000,900,67.43795967102051,0.6792590823739114,48
max_uncertainty_greedy,topk,4000,950,69.25551764170329,0.6566834291615248,48
max_uncertainty_greedy,topk,4000,1000,70.37328179677327,0.6441846290299679,48
max_uncertainty_greedy,topk,4000,1050,71.14576705296834,0.6914528589507765,48
max_uncertainty_greedy,topk,4000,1100,71.5649167696635,0.7415911277602066,48
max_uncertainty_greedy,topk,4000,1150,71.40793816248576,0.7688479847076114,48
max_uncertainty_greedy,topk,4000,1200,71.00389623641968,0.7897454475967975,48
max_uncertainty_greedy,topk,4000,1250,70.33878835042317,0.8484190784316681,48
max_uncertainty_greedy,topk,4000,1300,69.68469556172688,0.835659053613599,48
max_uncertainty_greedy,topk,4000,1350,69.35948006312053,0.748690509940574,48
max_uncertainty_greedy,topk,4000,1400,68.89747873942058,0.8140379127317386,48
max_uncertainty_greedy,topk,4000,1450,68.01550626754761,0.8658026476539512,48
max_uncertainty_greedy,topk,4000,1500,66.68168179194133,1.0318308518507224,48
max_uncertainty_greedy,topk,4000,1550,65.04549090067546,1.1137288668486711,48
max_uncertainty_greedy,topk,4000,1600,62.96927801767985,1.1987885977188126,48
max_uncertainty_greedy,topk,4000,1650,60.644115130106606,1.3205197603930932,48
max_uncertainty_greedy,topk,4000,1700,58.10448694229126,1.474806651671834,48
max_uncertainty_greedy,topk,4000,1750,55.40883525212606,1.4864852698111743,48
max_uncertainty_greedy,topk,4000,1800,52.61093465487162,1.4991761635975616,48
max_uncertainty_greedy,topk,4000,1850,49.61336175600688,1.628017414898286,48
max_uncertainty_greedy,topk,4000,1900,46.644556522369385,1.5572580590300844,48
max_uncertainty_greedy,topk,4000,1950,43.872151374816895,1.4418617105675569,48
max_uncertainty_greedy,topk,4000,2000,41.196298122406006,1.395661537264404,48
max_uncertainty_greedy,topk,4000,2050,38.59696706136068,1.3993783332341296,48
max_uncertainty_greedy,topk,4000,2100,35.99065589904785,1.3862542932157846,48
max_uncertainty_greedy,topk,4000,2150,33.399324218432106,1.3783449811926405,48
max_uncertainty_greedy,topk,4000,2200,30.800298810005188,1.3504298798765546,48
max_uncertainty_greedy,topk,4000,2250,28.54037590821584,1.1748195688251586,48
max_uncertainty_greedy,topk,4000,2300,26.787758708000183,0.9495261391809018,48
max_uncertainty_greedy,topk,4000,2350,25.34594253698985,0.8286181385177811,48
max_uncertainty_greedy,topk,4000,2400,24.12042081356049,0.7663353501672725,48
max_uncertainty_greedy,topk,4000,2450,23.078616937001545,0.6647429166259051,48
max_uncertainty_greedy,topk,4000,2500,22.117971976598103,0.550593868344514,48
max_uncertainty_greedy,topk,4000,2550,21.415924032529198,0.4480449726745752,48
max_uncertainty_greedy,topk,4000,2600,20.8545462290446,0.3814794266900202,48
max_uncertainty_greedy,topk,4000,2650,20.45129521687825,0.3276826302887326,48
max_uncertainty_greedy,topk,4000,2700,20.203426877657574,0.2929174376435805,48
max_uncertainty_greedy,topk,4000,2750,20.04331390062968,0.2715824118111734,48
max_uncertainty_greedy,topk,4000,2800,19.94469698270162,0.2586705339691588,48
max_uncertainty_greedy,topk,4000,2850,19.911837061246235,0.259381489119719,48
max_uncertainty_greedy,topk,4000,2900,19.90624451637268,0.2426663613045423,48
max_uncertainty_greedy,topk,4000,2950,19.98858845233917,0.2590682344516832,48
max_uncertainty_greedy,topk,4000,3000,20.105571150779724,0.242860048858968,48
max_uncertainty_greedy,topk,4000,3050,20.2404021024704,0.2489036352019341,48
max_uncertainty_greedy,topk,4000,3100,20.37715820471446,0.2656338547640887,48
max_uncertainty_greedy,topk,4000,3150,20.536981145540874,0.2660544548566522,48
max_uncertainty_greedy,topk,4000,3200,20.74638517697652,0.2606992120203955,48
max_uncertainty_greedy,topk,4000,3250,20.953565279642746,0.2791909654673051,48
max_uncertainty_greedy,topk,4000,3300,21.13598362604777,0.2644392322575482,48
max_uncertainty_greedy,topk,4000,3350,21.28061091899872,0.2563118639449591,48
max_uncertainty_greedy,topk,4000,3400,21.41069734096527,0.2641741999466496,48
max_uncertainty_greedy,topk,4000,3450,21.510881781578064,0.2657813829041046,48
max_uncertainty_greedy,topk,4000,3500,21.571298360824585,0.2658173387366796,48
max_uncertainty_greedy,topk,4000,3550,21.62330667177836,0.2672480447033549,48
max_uncertainty_greedy,topk,4000,3600,21.633193651835125,0.283115600327975,48
expected_info_gain,topk,4000,50,19.83377504348755,0.1087865620970893,48
expected_info_gain,topk,4000,100,19.28583304087321,0.1381328855229381,48
expected_info_gain,topk,4000,150,18.05989185969035,0.1427067554710207,48
expected_info_gain,topk,4000,200,18.720680356025696,0.1671643767820847,48
expected_info_gain,topk,4000,250,23.3538697163264,0.2445292061867553,48
expected_info_gain,topk,4000,300,28.57355570793152,0.3347025768036145,48
expected_info_gain,topk,4000,350,33.275003592173256,0.4434566947777414,48
expected_info_gain,topk,4000,400,37.09636092185974,0.5475282401041912,48
expected_info_gain,topk,4000,450,40.02627261479696,0.588051431715036,48
expected_info_gain,topk,4000,500,43.1394248008728,0.6613031588345246,48
expected_info_gain,topk,4000,550,46.58815542856852,0.7198503933315619,48
expected_info_gain,topk,4000,600,50.06937583287557,0.8002223694318266,48
expected_info_gain,topk,4000,650,53.20633673667908,0.8171756622243515,48
expected_info_gain,topk,4000,700,56.04612175623576,0.8167398595064658,48
expected_info_gain,topk,4000,750,58.92695045471192,0.8538931757920589,48
expected_info_gain,topk,4000,800,62.075067361195885,0.8656880063754426,48
expected_info_gain,topk,4000,850,64.91299343109131,0.8663253765303737,48
expected_info_gain,topk,4000,900,67.4988465309143,0.7945714625548232,48
expected_info_gain,topk,4000,950,69.29701852798462,0.8155202573075104,48
expected_info_gain,topk,4000,1000,70.50477011998494,0.7697874071048955,48
expected_info_gain,topk,4000,1050,71.26367457707723,0.8894171701533993,48
expected_info_gain,topk,4000,1100,71.72788588205974,0.8859345729475634,48
expected_info_gain,topk,4000,1150,71.55957110722859,0.8712644502900516,48
expected_info_gain,topk,4000,1200,71.17555952072144,0.91481083389755,48
expected_info_gain,topk,4000,1250,70.44215106964111,0.867536978170081,48
expected_info_gain,topk,4000,1300,69.77105363210042,0.8671134511551728,48
expected_info_gain,topk,4000,1350,69.51226822535197,0.8905722736734762,48
expected_info_gain,topk,4000,1400,69.08372068405151,0.8759670726930963,48
expected_info_gain,topk,4000,1450,68.23771317799886,0.960463017899319,48
expected_info_gain,topk,4000,1500,66.94796291987102,1.033790002382749,48
expected_info_gain,topk,4000,1550,65.209725856781,1.1343758968219302,48
expected_info_gain,topk,4000,1600,63.14561351140341,1.14634221795092,48
expected_info_gain,topk,4000,1650,60.91639073689779,1.2330633949664167,48
expected_info_gain,topk,4000,1700,58.42236383756002,1.3044004928815705,48
expected_info_gain,topk,4000,1750,55.68132742245992,1.302299570011551,48
expected_info_gain,topk,4000,1800,52.88724462191264,1.2944841830173175,48
expected_info_gain,topk,4000,1850,49.86683265368144,1.3955208708866524,48
expected_info_gain,topk,4000,1900,46.800402879714966,1.3990949026293429,48
expected_info_gain,topk,4000,1950,43.93272852897644,1.3463135337603471,48
expected_info_gain,topk,4000,2000,41.29402629534403,1.305799315624051,48
expected_info_gain,topk,4000,2050,38.63435649871826,1.3175647599895273,48
expected_info_gain,topk,4000,2100,36.09202663103739,1.3629863663833508,48
expected_info_gain,topk,4000,2150,33.511464993158974,1.369010562165111,48
expected_info_gain,topk,4000,2200,30.91251560052236,1.311178253358157,48
expected_info_gain,topk,4000,2250,28.627910534540813,1.072494719766677,48
expected_info_gain,topk,4000,2300,26.79691215356191,0.9536108970028716,48
expected_info_gain,topk,4000,2350,25.38609611988068,0.8541952624624363,48
expected_info_gain,topk,4000,2400,24.17614658673604,0.7721127840706383,48
expected_info_gain,topk,4000,2450,23.095263600349423,0.6772072447337409,48
expected_info_gain,topk,4000,2500,22.200700243314103,0.5947044328864692,48
expected_info_gain,topk,4000,2550,21.461922248204548,0.544494414607902,48
expected_info_gain,topk,4000,2600,20.878188689549763,0.4393670434112944,48
expected_info_gain,topk,4000,2650,20.487519820531208,0.3991558760273084,48
expected_info_gain,topk,4000,2700,20.29198706150055,0.3571141824631913,48
expected_info_gain,topk,4000,2750,20.13016482194265,0.3100179803664597,48
expected_info_gain,topk,4000,2800,20.043426791826885,0.3120541667351679,48
expected_info_gain,topk,4000,2850,19.99055190881093,0.2820850049425117,48
expected_info_gain,topk,4000,2900,20.027478257815044,0.2644660127725819,48
expected_info_gain,topk,4000,2950,20.079304496447246,0.2575216164339929,48
expected_info_gain,topk,4000,3000,20.199193199475605,0.2515682711943258,48
expected_info_gain,topk,4000,3050,20.30343572298686,0.2472088762562828,48
expected_info_gain,topk,4000,3100,20.44927191734314,0.2456185416061926,48
expected_info_gain,topk,4000,3150,20.6225163936615,0.2407393008293698,48
expected_info_gain,topk,4000,3200,20.815820852915447,0.2397904929391917,48
expected_info_gain,topk,4000,3250,21.02413729826609,0.2453858153648145,48
expected_info_gain,topk,4000,3300,21.22115472952525,0.2418728929913091,48
expected_info_gain,topk,4000,3350,21.3604234457016,0.2303981541002103,48
expected_info_gain,topk,4000,3400,21.475914120674133,0.2469080552535416,48
expected_info_gain,topk,4000,3450,21.57688554128011,0.2466215790263645,48
expected_info_gain,topk,4000,3500,21.63001656532288,0.2632518452335103,48
expected_info_gain,topk,4000,3550,21.68382974465688,0.2822623809726517,48
expected_info_gain,topk,4000,3600,21.691272854804996,0.2809189181211193,48
drl,topk,4000,50,17.807587146759033,0.1198623328598653,48
drl,topk,4000,100,15.437781075636543,0.1111971003695423,48
drl,topk,4000,150,12.981491724650065,0.0913327855952465,48
drl,topk,4000,200,12.010505596796673,0.0745231357029802,48
drl,topk,4000,250,12.55410772562027,0.1039442231576601,48
drl,topk,4000,300,12.149820824464165,0.1419256900163678,48
drl,topk,4000,350,10.974593758583069,0.162266081389641,48
drl,topk,4000,400,10.138592660427094,0.1336144521992776,48
drl,topk,4000,450,10.159307857354484,0.1212656615003663,48
drl,topk,4000,500,10.251223961512247,0.1317782453357072,48
drl,topk,4000,550,9.672212541103365,0.1389205605291599,48
drl,topk,4000,600,8.21460023522377,0.1520289637449002,48
drl,topk,4000,650,5.878689130147298,0.1840919072086571,48
drl,topk,4000,700,3.058400884270668,0.1847720220108802,48
drl,topk,4000,750,1.03174368912975,0.1148194067970863,48
drl,topk,4000,800,0.5115633929769198,0.0500965032256181,48
drl,topk,4000,850,0.41194557522734,0.0321809446304075,48
drl,topk,4000,900,0.3910885943720738,0.0327133452320921,48
drl,topk,4000,950,0.376899367198348,0.0345257607431103,48
drl,topk,4000,1000,0.3544317750881116,0.0348558497321484,48
drl,topk,4000,1050,0.3168951837966839,0.0335935542086137,48
drl,topk,4000,1100,0.27687268362691,0.0263347588579507,48
drl,topk,4000,1150,0.2564548434068759,0.0201901640356391,48
drl,topk,4000,1200,0.247452242920796,0.0200698941844618,48
drl,topk,4000,1250,0.2395321360478798,0.020260114005525,48
drl,topk,4000,1300,0.2294010172287623,0.0198685118050218,48
drl,topk,4000,1350,0.2174135101959109,0.0206979114848157,48
drl,topk,4000,1400,0.2033921539162596,0.0194924981376226,48
drl,topk,4000,1450,0.1976381558924913,0.018123094452129,48
drl,topk,4000,1500,0.1938011941189567,0.0192783197758127,48
drl,topk,4000,1550,0.1915548763548334,0.0190424332583436,48
drl,topk,4000,1600,0.1890877429395914,0.0186543439156749,48
drl,topk,4000,1650,0.184448892250657,0.0195178849026151,48
drl,topk,4000,1700,0.1782676707953214,0.0195301633158935,48
drl,topk,4000,1750,0.1753119730080167,0.0170742574216596,48
drl,topk,4000,1800,0.1742399788151184,0.0191619640772525,48
drl,topk,4000,1850,0.1747386343777179,0.0180197383635988,48
drl,topk,4000,1900,0.1749825617298483,0.0188449542958126,48
drl,topk,4000,1950,0.1734436883901556,0.0192867442796201,48
drl,topk,4000,2000,0.1704268138855695,0.0194898272790661,48
drl,topk,4000,2050,0.1689556939527392,0.0182830847237876,48
drl,topk,4000,2100,0.1707631318519512,0.0182181715690754,48
drl,topk,4000,2150,0.1707003815099597,0.0180490871426266,48
drl,topk,4000,2200,0.1720837096994122,0.0187235222275972,48
drl,topk,4000,2250,0.1710759432365497,0.0185591652494676,48
drl,topk,4000,2300,0.1678335350006818,0.0210859249977267,48
drl,topk,4000,2350,0.1667339693134029,0.0171952894761015,48
drl,topk,4000,2400,0.1665492126097282,0.0187155703588291,48
drl,topk,4000,2450,0.1670468992864092,0.0180785268663166,48
drl,topk,4000,2500,0.1674764448155959,0.0179975817741778,48
drl,topk,4000,2550,0.1665873710686961,0.0189553188797551,48
drl,topk,4000,2600,0.1654963477825125,0.0188824649936113,48
drl,topk,4000,2650,0.165594482794404,0.0190973150575106,48
drl,topk,4000,2700,0.1646616604800025,0.0204730860396276,48
drl,topk,4000,2750,0.1633417053769032,0.0171890951355398,48
drl,topk,4000,2800,0.1628341075653831,0.0191418563942783,48
drl,topk,4000,2850,0.1635039895772934,0.0181449615113267,48
drl,topk,4000,2900,0.1628232952207327,0.0188819332511061,48
drl,topk,4000,2950,0.1619106391444802,0.0189313306395447,48
drl,topk,4000,3000,0.1617004747192064,0.0192671811700652,48
drl,topk,4000,3050,0.1616615696499745,0.0187726364228019,48
drl,topk,4000,3100,0.160999429722627,0.0181459575139544,48
drl,topk,4000,3150,0.1626021390159925,0.0187332053810503,48
drl,topk,4000,3200,0.1623528866718212,0.0188869997831,48
drl,topk,4000,3250,0.1603715419769287,0.0188736820449929,48
drl,topk,4000,3300,0.1602072652118901,0.0195849950827382,48
drl,topk,4000,3350,0.1600723170364896,0.0184539857508939,48
drl,topk,4000,3400,0.1603306339432796,0.0187839381676755,48
drl,topk,4000,3450,0.1599073701848586,0.0172415468845413,48
drl,topk,4000,3500,0.1592154788474241,0.0183555316046299,48
drl,topk,4000,3550,0.1574958896574874,0.0185897018288584,48
drl,topk,4000,3600,0.1577094076201319,0.0174553717497985,48
random_feasible,topk,5000,50,20.032224734624226,0.1185851155242138,48
random_feasible,topk,5000,100,19.68258734544118,0.1290261167648679,48
random_feasible,topk,5000,150,18.63683191935221,0.125866230335158,48
random_feasible,topk,5000,200,19.501699328422543,0.1294556497995513,48
random_feasible,topk,5000,250,24.594403743743896,0.2016100805951199,48
random_feasible,topk,5000,300,30.49319251378377,0.2761472096938583,48
random_feasible,topk,5000,350,35.98501261075338,0.3525731941638662,48
random_feasible,topk,5000,400,40.60500725110372,0.4383240006272706,48
random_feasible,topk,5000,450,44.36463610331217,0.48074122893434,48
random_feasible,topk,5000,500,48.36945390701294,0.5630931209938079,48
random_feasible,topk,5000,550,52.71750235557556,0.6403260210364229,48
random_feasible,topk,5000,600,56.97861552238464,0.6530859274360471,48
random_feasible,topk,5000,650,60.85901927947998,0.7085080256718744,48
random_feasible,topk,5000,700,64.07477450370789,0.7009028382096562,48
random_feasible,topk,5000,750,67.09299103418986,0.7091932462308962,48
random_feasible,topk,5000,800,69.98987245559692,0.6828768166915077,48
random_feasible,topk,5000,850,72.67935943603516,0.6617691533982868,48
random_feasible,topk,5000,900,74.75524981816609,0.5831014010646324,48
random_feasible,topk,5000,950,76.24835395812988,0.567190676192633,48
random_feasible,topk,5000,1000,77.20090357462566,0.5892138066086796,48
random_feasible,topk,5000,1050,77.79411713282268,0.5391727193084985,48
random_feasible,topk,5000,1100,78.23551686604817,0.5251419900839805,48
random_feasible,topk,5000,1150,78.47888120015462,0.5372610928398542,48
random_feasible,topk,5000,1200,78.492848555247,0.5737695583470879,48
random_feasible,topk,5000,1250,78.38673623402913,0.5287881618183282,48
random_feasible,topk,5000,1300,78.16607729593913,0.5964955792446202,48
random_feasible,topk,5000,1350,77.8856185277303,0.6385398516697296,48
random_feasible,topk,5000,1400,77.43757025400798,0.5962875699672546,48
random_feasible,topk,5000,1450,76.81157334645589,0.6914333568578763,48
random_feasible,topk,5000,1500,76.0935173034668,0.649456230742795,48
random_feasible,topk,5000,1550,75.57988023757935,0.544479891115955,48
random_feasible,topk,5000,1600,75.33421611785889,0.4871636081434653,48
random_feasible,topk,5000,1650,75.06546831130981,0.499032553093662,48
random_feasible,topk,5000,1700,74.33286825815837,0.6641329707575667,48
random_feasible,topk,5000,1750,73.18632141749065,0.8341444050020456,48
random_feasible,topk,5000,1800,71.66745567321777,1.0174483296906165,48
random_feasible,topk,5000,1850,69.7295552889506,1.223326071512579,48
random_feasible,topk,5000,1900,67.50104856491089,1.3585329692142507,48
random_feasible,topk,5000,1950,65.20449980099995,1.4111342448034632,48
random_feasible,topk,5000,2000,62.85054739316305,1.444744921238291,48
random_feasible,topk,5000,2050,60.27598841985067,1.5095627098034248,48
random_feasible,topk,5000,2100,57.64399822552999,1.5167687895426183,48
random_feasible,topk,5000,2150,54.80452903111776,1.5753497517790718,48
random_feasible,topk,5000,2200,51.88238135973612,1.565222279983745,48
random_feasible,topk,5000,2250,49.10440746943156,1.4940177238746335,48
random_feasible,topk,5000,2300,46.41362849871317,1.476579591907312,48
random_feasible,topk,5000,2350,43.77746947606405,1.4042418573867397,48
random_feasible,topk,5000,2400,41.22968554496765,1.339812367231982,48
random_feasible,topk,5000,2450,38.80312522252401,1.278250960314204,48
random_feasible,topk,5000,2500,36.4788331190745,1.2865180872263402,48
random_feasible,topk,5000,2550,34.286181012789406,1.330261297356639,48
random_feasible,topk,5000,2600,32.14237689971924,1.301183975023324,48
random_feasible,topk,5000,2650,30.01547114054362,1.2366055972648715,48
random_feasible,topk,5000,2700,28.1889496644338,1.0540739029628312,48
random_feasible,topk,5000,2750,26.768273671468098,0.8267101304990545,48
random_feasible,topk,5000,2800,25.57938567797343,0.6577693114113533,48
random_feasible,topk,5000,2850,24.70931669076284,0.5573671020369094,48
random_feasible,topk,5000,2900,23.995118538538616,0.4625830177888901,48
random_feasible,topk,5000,2950,23.41070779164632,0.3956822366075279,48
random_feasible,topk,5000,3000,22.919301509857178,0.3450747086870982,48
random_feasible,topk,5000,3050,22.52162440617879,0.2911383494589767,48
random_feasible,topk,5000,3100,22.26086115837097,0.2627864062071298,48
random_feasible,topk,5000,3150,22.10110819339752,0.2893824283407308,48
random_feasible,topk,5000,3200,22.02206293741862,0.2940915641116084,48
random_feasible,topk,5000,3250,22.03765857219696,0.3086263675604601,48
random_feasible,topk,5000,3300,22.07426389058431,0.2956819941293344,48
random_feasible,topk,5000,3350,22.12529460589091,0.2855786143775591,48
random_feasible,topk,5000,3400,22.174870530764263,0.2959835490347156,48
random_feasible,topk,5000,3450,22.298524777094524,0.3054848506572475,48
random_feasible,topk,5000,3500,22.42776425679525,0.3097890649529914,48
random_feasible,topk,5000,3550,22.59819805622101,0.3120346940217949,48
random_feasible,topk,5000,3600,22.771118839581806,0.2855751813373399,48
max_uncertainty_greedy,topk,5000,50,20.02662992477417,0.1160970722910842,48
max_uncertainty_greedy,topk,5000,100,19.68085451920827,0.1318517338002357,48
max_uncertainty_greedy,topk,5000,150,18.634740074475605,0.1238063626480741,48
max_uncertainty_greedy,topk,5000,200,19.51037895679474,0.1354138142626675,48
max_uncertainty_greedy,topk,5000,250,24.602285504341125,0.1786487710247409,48
max_uncertainty_greedy,topk,5000,300,30.47939161459605,0.2542791092742847,48
max_uncertainty_greedy,topk,5000,350,35.98864499727885,0.3169128820332219,48
max_uncertainty_greedy,topk,5000,400,40.638605991999306,0.3502108144240746,48
max_uncertainty_greedy,topk,5000,450,44.45842591921488,0.4440850617722184,48
max_uncertainty_greedy,topk,5000,500,48.46006186803182,0.5063950461615799,48
max_uncertainty_greedy,topk,5000,550,52.86202390988668,0.5509120635130703,48
max_uncertainty_greedy,topk,5000,600,57.19046131769816,0.6006833730345643,48
max_uncertainty_greedy,topk,5000,650,61.02196955680847,0.6820493576851644,48
max_uncertainty_greedy,topk,5000,700,64.23787689208984,0.7034254931989121,48
max_uncertainty_greedy,topk,5000,750,67.27606503168742,0.6447494721013902,48
max_uncertainty_greedy,topk,5000,800,70.14027897516887,0.6035992000320928,48
max_uncertainty_greedy,topk,5000,850,72.77806981404622,0.6192251768919221,48
max_uncertainty_greedy,topk,5000,900,74.85084279378255,0.650799379642921,48
max_uncertainty_greedy,topk,5000,950,76.41159152984619,0.585134566374439,48
max_uncertainty_greedy,topk,5000,1000,77.25350697835286,0.6000264802100755,48
max_uncertainty_greedy,topk,5000,1050,77.90385500590007,0.5902328574943895,48
max_uncertainty_greedy,topk,5000,1100,78.46216106414795,0.6107399573550012,48
max_uncertainty_greedy,topk,5000,1150,78.72234153747559,0.6421196956280881,48
max_uncertainty_greedy,topk,5000,1200,78.67707093556722,0.668781930387639,48
max_uncertainty_greedy,topk,5000,1250,78.57358042399089,0.6194522328438492,48
max_uncertainty_greedy,topk,5000,1300,78.28418397903442,0.6227152013869486,48
max_uncertainty_greedy,topk,5000,1350,77.95752652486165,0.68365683164695,48
max_uncertainty_greedy,topk,5000,1400,77.50847133000691,0.7022952598925256,48
max_uncertainty_greedy,topk,5000,1450,76.97434568405151,0.6572849841051341,48
max_uncertainty_greedy,topk,5000,1500,76.26650317509969,0.6876427608309532,48
max_uncertainty_greedy,topk,5000,1550,75.68115631739299,0.6357833689850657,48
max_uncertainty_greedy,topk,5000,1600,75.43257856369019,0.6653238694230932,48
max_uncertainty_greedy,topk,5000,1650,75.1462287902832,0.704904326210089,48
max_uncertainty_greedy,topk,5000,1700,74.47497733434041,0.7786933818839812,48
max_uncertainty_greedy,topk,5000,1750,73.3741807937622,0.8389779108684661,48
max_uncertainty_greedy,topk,5000,1800,71.85923862457275,0.8869600575028522,48
max_uncertainty_greedy,topk,5000,1850,69.86892302831014,1.0710411985529649,48
max_uncertainty_greedy,topk,5000,1900,67.67592652638753,1.150424830072217,48
max_uncertainty_greedy,topk,5000,1950,65.41207853953044,1.1401650320342034,48
max_uncertainty_greedy,topk,5000,2000,63.077879428863525,1.154124720135325,48
max_uncertainty_greedy,topk,5000,2050,60.55571452776591,1.1987653816512585,48
max_uncertainty_greedy,topk,5000,2100,57.81319753328959,1.213299558428403,48
max_uncertainty_greedy,topk,5000,2150,54.94061088562012,1.193028927725009,48
max_uncertainty_greedy,topk,5000,2200,52.081190506617226,1.1262585143067256,48
max_uncertainty_greedy,topk,5000,2250,49.27068646748861,1.0857998453467883,48
max_uncertainty_greedy,topk,5000,2300,46.57642594973246,1.02298756077921,48
max_uncertainty_greedy,topk,5000,2350,43.87952764829,1.0040366501625906,48
max_uncertainty_greedy,topk,5000,2400,41.31407880783081,0.9877215721307308,48
max_uncertainty_greedy,topk,5000,2450,38.82073028882345,0.9250809966130884,48
max_uncertainty_greedy,topk,5000,2500,36.43617939949036,0.8921605121117843,48
max_uncertainty_greedy,topk,5000,2550,34.2384037176768,0.9187858556015056,48
max_uncertainty_greedy,topk,5000,2600,32.04421726862589,0.8832705244325041,48
max_uncertainty_greedy,topk,5000,2650,29.83709275722504,0.8657759056921827,48
max_uncertainty_greedy,topk,5000,2700,28.00035222371419,0.6766092231287697,48
max_uncertainty_greedy,topk,5000,2750,26.527671416600544,0.6089902299895807,48
max_uncertainty_greedy,topk,5000,2800,25.326271295547485,0.4855013603383931,48
max_uncertainty_greedy,topk,5000,2850,24.43552593390147,0.4276193182444232,48
max_uncertainty_greedy,topk,5000,2900,23.70414725939433,0.3877691363865936,48
max_uncertainty_greedy,topk,5000,2950,23.127617398897808,0.3779095800858315,48
max_uncertainty_greedy,topk,5000,3000,22.693719387054443,0.357937813266672,48
max_uncertainty_greedy,topk,5000,3050,22.31545639038086,0.2956471909509225,48
max_uncertainty_greedy,topk,5000,3100,22.073829531669617,0.2884474762092055,48
max_uncertainty_greedy,topk,5000,3150,21.94093108177185,0.3095453966768498,48
max_uncertainty_greedy,topk,5000,3200,21.88089255491893,0.2815222540312339,48
max_uncertainty_greedy,topk,5000,3250,21.89386208852132,0.2974027251305102,48
max_uncertainty_greedy,topk,5000,3300,21.95737600326538,0.2866888762334218,48
max_uncertainty_greedy,topk,5000,3350,22.02257259686788,0.2823697436738344,48
max_uncertainty_greedy,topk,5000,3400,22.13371070226033,0.2701145434515207,48
max_uncertainty_greedy,topk,5000,3450,22.260527451833088,0.267801452671379,48
max_uncertainty_greedy,topk,5000,3500,22.410957495371505,0.270297655751167,48
max_uncertainty_greedy,topk,5000,3550,22.585432211558025,0.2673395563477082,48
max_uncertainty_greedy,topk,5000,3600,22.76735520362854,0.2494211007814185,48
expected_info_gain,topk,5000,50,20.035470366477966,0.1124673576165561,48
expected_info_gain,topk,5000,100,19.68299384911855,0.1277104912113368,48
expected_info_gain,topk,5000,150,18.629665732383728,0.1355059220937921,48
expected_info_gain,topk,5000,200,19.534555276234943,0.1553467734691448,48
expected_info_gain,topk,5000,250,24.65207238992055,0.1889703533237951,48
expected_info_gain,topk,5000,300,30.52684231599172,0.2597352401121644,48
expected_info_gain,topk,5000,350,36.03279328346253,0.3470542140506433,48
expected_info_gain,topk,5000,400,40.69130786259969,0.4324496581064609,48
expected_info_gain,topk,5000,450,44.45618446667989,0.520886100203885,48
expected_info_gain,topk,5000,500,48.41750423113505,0.6083975102058474,48
expected_info_gain,topk,5000,550,52.78963836034139,0.6626921396839299,48
expected_info_gain,topk,5000,600,57.09162147839864,0.7183553584083082,48
expected_info_gain,topk,5000,650,60.931211153666176,0.7364068123023848,48
expected_info_gain,topk,5000,700,64.20556823412578,0.7664700524875993,48
expected_info_gain,topk,5000,750,67.16053326924641,0.7700959819331085,48
expected_info_gain,topk,5000,800,70.0358697573344,0.7107056321419412,48
expected_info_gain,topk,5000,850,72.57255554199219,0.6807289357238775,48
expected_info_gain,topk,5000,900,74.65391079584758,0.6600017244939407,48
expected_info_gain,topk,5000,950,76.23094097773235,0.6189012541580667,48
expected_info_gain,topk,5000,1000,77.12840986251831,0.6738404549765219,48
expected_info_gain,topk,5000,1050,77.83679485321045,0.6454257123042697,48
expected_info_gain,topk,5000,1100,78.33069674173991,0.5961666658191197,48
expected_info_gain,topk,5000,1150,78.50918626785278,0.5782591614285205,48
expected_info_gain,topk,5000,1200,78.53113873799641,0.6316572083722309,48
expected_info_gain,topk,5000,1250,78.41139682133992,0.6221780027538856,48
expected_info_gain,topk,5000,1300,78.19728517532349,0.6278166828379973,48
expected_info_gain,topk,5000,1350,77.86179653803508,0.6377484010480748,48
expected_info_gain,topk,5000,1400,77.39541228612264,0.6481836919914766,48
expected_info_gain,topk,5000,1450,76.79061619440715,0.7185018708761122,48
expected_info_gain,topk,5000,1500,76.09350617726643,0.6681275833135979,48
expected_info_gain,topk,5000,1550,75.56515789031982,0.6097141031060557,48
expected_info_gain,topk,5000,1600,75.32391548156738,0.6055303187568194,48
expected_info_gain,topk,5000,1650,75.06204827626546,0.6486921703144237,48
expected_info_gain,topk,5000,1700,74.3800064722697,0.6995438905553854,48
expected_info_gain,topk,5000,1750,73.22927920023601,0.8216093890369559,48
expected_info_gain,topk,5000,1800,71.69764184951782,0.9469076259546284,48
expected_info_gain,topk,5000,1850,69.85326782862346,1.0536584122319426,48
expected_info_gain,topk,5000,1900,67.59839979807536,1.0689848620384217,48
expected_info_gain,topk,5000,1950,65.27429453531902,1.1397892510489631,48
expected_info_gain,topk,5000,2000,62.93439277013143,1.1582599384111572,48
expected_info_gain,topk,5000,2050,60.38717214266459,1.22584705709636,48
expected_info_gain,topk,5000,2100,57.646535873413086,1.2645719774990132,48
expected_info_gain,topk,5000,2150,54.81050292650858,1.264549743236565,48
expected_info_gain,topk,5000,2200,51.89897274971008,1.222948600882039,48
expected_info_gain,topk,5000,2250,49.13955124219259,1.2086859648973685,48
expected_info_gain,topk,5000,2300,46.430126349131264,1.1912338878905762,48
expected_info_gain,topk,5000,2350,43.68796674410502,1.1438835934256109,48
expected_info_gain,topk,5000,2400,41.15646696090698,1.0570218507704356,48
expected_info_gain,topk,5000,2450,38.7327397664388,1.0534137798194745,48
expected_info_gain,topk,5000,2500,36.40909179051717,1.0437377176507867,48
expected_info_gain,topk,5000,2550,34.17509718736013,1.052967416965804,48
expected_info_gain,topk,5000,2600,31.9705681403478,1.118443542280649,48
expected_info_gain,topk,5000,2650,29.802834788958236,1.0631216137335122,48
expected_info_gain,topk,5000,2700,27.996415774027508,0.8726419108830008,48
expected_info_gain,topk,5000,2750,26.552214701970417,0.694041017175681,48
expected_info_gain,topk,5000,2800,25.39556936422984,0.5671491375739001,48
expected_info_gain,topk,5000,2850,24.520512580871586,0.4836396710538455,48
expected_info_gain,topk,5000,2900,23.79176684220632,0.4573706414260846,48
expected_info_gain,topk,5000,2950,23.193254073460896,0.3665004294276169,48
expected_info_gain,topk,5000,3000,22.74825306733449,0.3136509140999731,48
expected_info_gain,topk,5000,3050,22.386576612790424,0.2850404823113345,48
expected_info_gain,topk,5000,3100,22.126845161120094,0.256768401819724,48
expected_info_gain,topk,5000,3150,22.01972524325053,0.2473123324014336,48
expected_info_gain,topk,5000,3200,21.944379687309265,0.2528425492149764,48
expected_info_gain,topk,5000,3250,21.970707535743717,0.2536234957517885,48
expected_info_gain,topk,5000,3300,21.998641053835552,0.2682065057685907,48
expected_info_gain,topk,5000,3350,22.060938755671184,0.276985249017692,48
expected_info_gain,topk,5000,3400,22.146358370780945,0.2700926878566572,48
expected_info_gain,topk,5000,3450,22.27959136168162,0.2963377845427476,48
expected_info_gain,topk,5000,3500,22.416134397188824,0.2775475565231194,48
expected_info_gain,topk,5000,3550,22.587901949882507,0.2743516327593423,48
expected_info_gain,topk,5000,3600,22.75332287947337,0.277804621721928,48
drl,topk,5000,50,18.383063952128094,0.1100158264757091,48
drl,topk,5000,100,16.544901688893635,0.1188268311249509,48
drl,topk,5000,150,14.464842796325684,0.0963298970450325,48
drl,topk,5000,200,13.979631344477337,0.090344819943888,48
drl,topk,5000,250,15.680440962314606,0.1288883880154498,48
drl,topk,5000,300,16.851450363794964,0.158934201763225,48
drl,topk,5000,350,16.93796976407369,0.1994672981470226,48
drl,topk,5000,400,16.084571321805317,0.2246588610421486,48
drl,topk,5000,450,14.986570278803509,0.2068251663731979,48
drl,topk,5000,500,15.00631590684255,0.184709260487995,48
drl,topk,5000,550,15.607289652029673,0.1919435506654845,48
drl,topk,5000,600,16.017283141613007,0.2230182862462612,48
drl,topk,5000,650,15.618892987569174,0.2690736179248599,48
drl,topk,5000,700,14.094742874304451,0.3394497431074075,48
drl,topk,5000,750,11.530039628346762,0.339975664560375,48
drl,topk,5000,800,8.3794194261233,0.3220042310884532,48
drl,topk,5000,850,5.261689474185308,0.2859164600591817,48
drl,topk,5000,900,2.97172404328982,0.2245304603442898,48
drl,topk,5000,950,1.9183976873755453,0.1771022875008975,48
drl,topk,5000,1000,1.7626218621929486,0.1845487528390935,48
drl,topk,5000,1050,1.8273104056715963,0.1940869844495442,48
drl,topk,5000,1100,1.8072969789306323,0.1858198589022107,48
drl,topk,5000,1150,1.655651959280173,0.1706632673398323,48
drl,topk,5000,1200,1.434056632220745,0.149206311113644,48
drl,topk,5000,1250,1.2228596011797588,0.125257774249908,48
drl,topk,5000,1300,1.0636563785374165,0.0949074100435049,48
drl,topk,5000,1350,0.9818790977199872,0.0796190763540871,48
drl,topk,5000,1400,0.9620426471034684,0.0852972977578914,48
drl,topk,5000,1450,0.9695568047463894,0.0824122722859548,48
drl,topk,5000,1500,0.9569078584512076,0.082049304644652,48
drl,topk,5000,1550,0.9458809110025564,0.0797064469407727,48
drl,topk,5000,1600,0.9227724770704904,0.081344892767834,48
drl,topk,5000,1650,0.8680723247428735,0.0764960427840161,48
drl,topk,5000,1700,0.8304246117671331,0.0704266532909586,48
drl,topk,5000,1750,0.8247812253733476,0.0698212594051525,48
drl,topk,5000,1800,0.8321413273612658,0.0689234641051446,48
drl,topk,5000,1850,0.8509636720021566,0.0722055691350786,48
drl,topk,5000,1900,0.8579212067027887,0.0737619560291238,48
drl,topk,5000,1950,0.8581979038814703,0.074123268846294,48
drl,topk,5000,2000,0.8519865435858568,0.0766562377964237,48
drl,topk,5000,2050,0.8340200198193392,0.0738534903054722,48
drl,topk,5000,2100,0.8156897450486819,0.0691026753806082,48
drl,topk,5000,2150,0.8114687837660313,0.072538746974158,48
drl,topk,5000,2200,0.8138986590007941,0.0686883416136106,48
drl,topk,5000,2250,0.8276820952693621,0.0710746791514321,48
drl,topk,5000,2300,0.8442322512467703,0.0689954527742188,48
drl,topk,5000,2350,0.8462882861495018,0.0742203001799514,48
drl,topk,5000,2400,0.8384480401873589,0.0721395844323975,48
drl,topk,5000,2450,0.8275181477268537,0.075438522110437,48
drl,topk,5000,2500,0.8112263220051924,0.0709749360633538,48
drl,topk,5000,2550,0.8045600652694702,0.0701091658262918,48
drl,topk,5000,2600,0.8065396857758363,0.0705497525117568,48
drl,topk,5000,2650,0.8154385512073835,0.0680735447980906,48
drl,topk,5000,2700,0.8226843886077404,0.0688904569600639,48
drl,topk,5000,2750,0.8331690430641174,0.0706099860653227,48
drl,topk,5000,2800,0.8351857277254263,0.0715477232233572,48
drl,topk,5000,2850,0.8292770149807135,0.0742163674554777,48
drl,topk,5000,2900,0.8132730995615324,0.0714737391822229,48
drl,topk,5000,2950,0.8047224208712578,0.0753125388099585,48
drl,topk,5000,3000,0.8038422664006551,0.0694714557952055,48
drl,topk,5000,3050,0.8079995649556319,0.0692404666569593,48
drl,topk,5000,3100,0.808568629125754,0.0681922010390715,48
drl,topk,5000,3150,0.8210057516892751,0.0702893686786586,48
drl,topk,5000,3200,0.827712477495273,0.0700471741834521,48
drl,topk,5000,3250,0.8220056419571241,0.075209037150264,48
drl,topk,5000,3300,0.8091206600268682,0.0725908071458666,48
drl,topk,5000,3350,0.8041328055163225,0.0752692416369208,48
drl,topk,5000,3400,0.801675500969092,0.0720531655101403,48
drl,topk,5000,3450,0.7984844831128916,0.0676690931935136,48
drl,topk,5000,3500,0.8100186673303446,0.0675089329113231,48
drl,topk,5000,3550,0.8168285352488359,0.0698629859509196,48
drl,topk,5000,3600,0.8182507070402304,0.070520059852306,48
lstm,topk,2000,50,19.261311213175457,0.1969843092929651,48
lstm,topk,2000,100,18.1530743042628,0.2141756637124043,48
lstm,topk,2000,150,16.54592712720235,0.1901496086738172,48
lstm,topk,2000,200,16.70994774500529,0.1997110568040074,48
lstm,topk,2000,250,20.05295745531718,0.3077269139750316,48
lstm,topk,2000,300,23.50116725762685,0.4286691691282216,48
lstm,topk,2000,350,26.2899288336436,0.5543793700974041,48
lstm,topk,2000,400,28.013033668200176,0.6337764051534409,48
lstm,topk,2000,450,28.87047203381856,0.7702637716064316,48
lstm,topk,2000,500,29.66576766967773,0.921583724230289,48
lstm,topk,2000,550,30.562021454175312,1.0364210384707366,48
lstm,topk,2000,600,31.52913784980774,1.1998703146606855,48
lstm,topk,2000,650,32.779229839642845,1.0575387990050658,48
lstm,topk,2000,700,35.354674895604454,0.8107677849946481,48
lstm,topk,2000,750,38.985594828923546,1.0972704145077878,48
lstm,topk,2000,800,41.5236386458079,1.4428598548775335,48
lstm,topk,2000,850,42.41548196474711,1.7065923657680973,48
lstm,topk,2000,900,42.28511722882589,2.03852404574332,48
lstm,topk,2000,950,41.40447926521301,2.121945961674104,48
lstm,topk,2000,1000,40.42253883679708,2.196036721945337,48
lstm,topk,2000,1050,40.16786241531372,2.186629870984492,48
lstm,topk,2000,1100,39.73949352900187,2.316024675909789,48
lstm,topk,2000,1150,38.66931970914205,2.449743286649609,48
lstm,topk,2000,1200,37.194252133369446,2.5190202883492585,48
lstm,topk,2000,1250,35.16847495237986,2.546040347310369,48
lstm,topk,2000,1300,32.4753649632136,2.553610331749763,48
lstm,topk,2000,1350,30.092561801274616,1.954439441569059,48
lstm,topk,2000,1400,28.94906735420227,1.6516887682200987,48
lstm,topk,2000,1450,27.852670073509216,1.6429108392121632,48
lstm,topk,2000,1500,26.64082074165344,1.6640311951715585,48
lstm,topk,2000,1550,25.149569034576416,1.705429417341599,48
lstm,topk,2000,1600,23.3475460211436,1.7104470393736289,48
lstm,topk,2000,1650,21.44240117073059,1.5143234323188417,48
lstm,topk,2000,1700,20.719794869422916,1.0662494452685245,48
lstm,topk,2000,1750,21.056358575820923,1.0344068880890949,48
lstm,topk,2000,1800,21.12419323126475,1.1652833272045555,48
lstm,topk,2000,1850,20.64793884754181,1.236587397379294,48
lstm,topk,2000,1900,19.75287342071533,1.2899813958546458,48
lstm,topk,2000,1950,18.774962961673737,1.286773169188388,48
lstm,topk,2000,2000,17.899369100729626,1.1579622619868284,48
lstm,topk,2000,2050,17.321482976277668,1.0809315153129593,48
lstm,topk,2000,2100,16.748563647270203,1.072795051794844,48
lstm,topk,2000,2150,15.963509698708853,1.085272804997595,48
lstm,topk,2000,2200,15.002924919128418,1.0596622863509184,48
lstm,topk,2000,2250,13.991458237171171,1.072953824575663,48
lstm,topk,2000,2300,12.876558542251589,1.0487420255579627,48
lstm,topk,2000,2350,12.03941492239634,0.8665551062399892,48
lstm,topk,2000,2400,11.849955320358276,0.6951404164566397,48
lstm,topk,2000,2450,11.890940149625145,0.7006911814456039,48
lstm,topk,2000,2500,11.990669389565786,0.7045875625375123,48
lstm,topk,2000,2550,12.042412002881369,0.7249609094046439,48
lstm,topk,2000,2600,12.058007061481476,0.7396551088084897,48
lstm,topk,2000,2650,12.031757116317747,0.7380327447496177,48
lstm,topk,2000,2700,12.105380177497864,0.6864459354674731,48
lstm,topk,2000,2750,12.24746706088384,0.6700383116157842,48
lstm,topk,2000,2800,12.391218741734823,0.6882124242437808,48
lstm,topk,2000,2850,12.517999788125357,0.6850999660855676,48
lstm,topk,2000,2900,12.594698210557302,0.6984457920977822,48
lstm,topk,2000,2950,12.677093962828318,0.6998735058138816,48
lstm,topk,2000,3000,12.763099590937296,0.6854643641269086,48
lstm,topk,2000,3050,12.917188346385956,0.6940354926782603,48
lstm,topk,2000,3100,13.083111663659414,0.6973753871001486,48
lstm,topk,2000,3150,13.138039886951448,0.712561221417659,48
lstm,topk,2000,3200,13.107940753300984,0.7287385279831535,48
lstm,topk,2000,3250,13.00956924756368,0.7193923975182241,48
lstm,topk,2000,3300,12.889094650745392,0.7043716464106535,48
lstm,topk,2000,3350,12.766010800997416,0.6974682816276485,48
lstm,topk,2000,3400,12.711971362431845,0.6680029139050674,48
lstm,topk,2000,3450,12.756737192471824,0.6853023350353471,48
lstm,topk,2000,3500,12.724039216836294,0.6966204984059281,48
lstm,topk,2000,3550,12.664752006530762,0.6943554052961223,48
lstm,topk,2000,3600,12.566862126191458,0.6867417025780879,48
lstm,topk,3000,50,19.76884667078654,0.1334887285086555,48
lstm,topk,3000,100,19.184994260470077,0.1538059429196044,48
lstm,topk,3000,150,17.958226958910625,0.1304338759330199,48
lstm,topk,3000,200,18.6445285876592,0.1417967894500182,48
lstm,topk,3000,250,23.17852632204692,0.1971713671699839,48
lstm,topk,3000,300,28.2584144671758,0.2634600328302672,48
lstm,topk,3000,350,32.87642129262289,0.3250548332565026,48
lstm,topk,3000,400,36.573180754979454,0.3933310467135745,48
lstm,topk,3000,450,39.4284618695577,0.5078956661341689,48
lstm,topk,3000,500,42.35209743181864,0.6376156689925766,48
lstm,topk,3000,550,45.56419364611308,0.7233818689270154,48
lstm,topk,3000,600,48.7824334303538,0.6862305648042869,48
lstm,topk,3000,650,51.803103605906166,0.7642904674566982,48
lstm,topk,3000,700,54.58859427769979,0.8275622307660305,48
lstm,topk,3000,750,57.45916334788004,0.861758957850613,48
lstm,topk,3000,800,60.62402772903442,0.9134524664516824,48
lstm,topk,3000,850,63.50945250193278,0.912683918297982,48
lstm,topk,3000,900,65.9640679359436,0.9185192206608184,48
lstm,topk,3000,950,67.85316562652588,0.9276179744551356,48
lstm,topk,3000,1000,69.02991771697998,0.8514359056225901,48
lstm,topk,3000,1050,70.39679797490437,0.801607146070594,48
lstm,topk,3000,1100,71.19498189290364,0.9128191137877552,48
lstm,topk,3000,1150,71.00147294998169,1.024737953171786,48
lstm,topk,3000,1200,70.3319304784139,1.0358278988034586,48
lstm,topk,3000,1250,69.35565710067749,1.0943205743435216,48
lstm,topk,3000,1300,68.20755434036255,1.1087707834117586,48
lstm,topk,3000,1350,67.7075605392456,0.9117004496140624,48
lstm,topk,3000,1400,67.9065858523051,0.904397057232456,48
lstm,topk,3000,1450,67.43151760101318,1.071295979848923,48
lstm,topk,3000,1500,66.0128538608551,1.2470961261477007,48
lstm,topk,3000,1550,63.91562112172445,1.3129948015883617,48
lstm,topk,3000,1600,61.45704531669617,1.414551232921445,48
lstm,topk,3000,1650,58.83687933286031,1.5051082117538337,48
lstm,topk,3000,1700,55.9985678990682,1.57555364290328,48
lstm,topk,3000,1750,52.84895300865173,1.7214408768362777,48
lstm,topk,3000,1800,49.60119001070658,1.7393984643328888,48
lstm,topk,3000,1850,46.15095647176107,1.81656598425118,48
lstm,topk,3000,1900,42.47932155927023,1.7927926245979495,48
lstm,topk,3000,1950,38.991999785105385,1.6920278729510545,48
lstm,topk,3000,2000,35.918957789738975,1.441525481990002,48
lstm,topk,3000,2050,33.58688155810038,1.2490233433402986,48
lstm,topk,3000,2100,31.45493443806966,1.2930901724189696,48
lstm,topk,3000,2150,29.09353756904602,1.3958701770456967,48
lstm,topk,3000,2200,26.347491025924683,1.5196242767501589,48
lstm,topk,3000,2250,23.42833701769511,1.5588950223988542,48
lstm,topk,3000,2300,21.100539922714237,1.0517462361352237,48
lstm,topk,3000,2350,20.29696790377299,0.3847229594049651,48
lstm,topk,3000,2400,20.1320835351944,0.2926454502739933,48
lstm,topk,3000,2450,19.90595992406209,0.3186011607626179,48
lstm,topk,3000,2500,19.52760998408,0.2989911628945699,48
lstm,topk,3000,2550,19.138853430747982,0.2807468169522083,48
lstm,topk,3000,2600,18.84733617305756,0.2335820895730592,48
lstm,topk,3000,2650,18.732338627179463,0.1849646597055849,48
lstm,topk,3000,2700,18.781833449999493,0.1886048802711666,48
lstm,topk,3000,2750,18.89127067724864,0.2247296837127398,48
lstm,topk,3000,2800,19.10298760732015,0.2282897233385029,48
lstm,topk,3000,2850,19.350857774416607,0.2594492240387281,48
lstm,topk,3000,2900,19.560133655865982,0.2720129222275038,48
lstm,topk,3000,2950,19.76013473669688,0.2581477521242572,48
lstm,topk,3000,3000,20.018465399742126,0.2836177197676268,48
lstm,topk,3000,3050,20.24022416273753,0.2927062428191719,48
lstm,topk,3000,3100,20.45604602495829,0.2833745912031676,48
lstm,topk,3000,3150,20.712738315264385,0.287284153859101,48
lstm,topk,3000,3200,20.92662199338277,0.2841185350600032,48
lstm,topk,3000,3250,21.161598602930702,0.3018297237981616,48
lstm,topk,3000,3300,21.38897915681203,0.3189335911594336,48
lstm,topk,3000,3350,21.565589825312298,0.3306653423932746,48
lstm,topk,3000,3400,21.71258000532786,0.3331664209662573,48
lstm,topk,3000,3450,21.818347811698917,0.3234268180021796,48
lstm,topk,3000,3500,21.863104224205017,0.3281438276481705,48
lstm,topk,3000,3550,21.869632720947266,0.3453621661147205,48
lstm,topk,3000,3600,21.80716860294342,0.3558826200459786,48
lstm,topk,4000,50,20.03425856431325,0.1117707394703736,48
lstm,topk,4000,100,19.71837568283081,0.1164935480454034,48
lstm,topk,4000,150,18.70225465297699,0.1007265593756285,48
lstm,topk,4000,200,19.63400952021281,0.114877696588835,48
lstm,topk,4000,250,24.78897742430369,0.167324487984055,48
lstm,topk,4000,300,30.73005477587382,0.2422483485474328,48
lstm,topk,4000,350,36.35071388880412,0.2953483391890014,48
lstm,topk,4000,400,41.16894253094991,0.3696748004219591,48
lstm,topk,4000,450,45.06696955362956,0.4182879845956869,48
lstm,topk,4000,500,49.16616717974345,0.4905690156790383,48
lstm,topk,4000,550,53.6181751092275,0.5688166976759997,48
lstm,topk,4000,600,58.012118657430015,0.6012609431150452,48
lstm,topk,4000,650,61.96565937995911,0.6593051395369701,48
lstm,topk,4000,700,65.33979932467143,0.6797272502342202,48
lstm,topk,4000,750,68.3111089070638,0.6837993575657368,48
lstm,topk,4000,800,71.12215900421143,0.6368205774745066,48
lstm,topk,4000,850,73.58060375849406,0.6373259493847283,48
lstm,topk,4000,900,75.69003121058147,0.5784150426262551,48
lstm,topk,4000,950,77.13309828440349,0.5640945892393492,48
lstm,topk,4000,1000,78.04639196395874,0.552500815755816,48
lstm,topk,4000,1050,78.69270912806194,0.5313237513854323,48
lstm,topk,4000,1100,79.15711371103923,0.5620340740054992,48
lstm,topk,4000,1150,79.33318916956584,0.5614487461219683,48
lstm,topk,4000,1200,79.37538369496663,0.5370652517552775,48
lstm,topk,4000,1250,79.16602214177449,0.5731268786701126,48
lstm,topk,4000,1300,78.76397609710693,0.5835829061387058,48
lstm,topk,4000,1350,78.63380511601765,0.5166634369034014,48
lstm,topk,4000,1400,78.80157852172852,0.5406687309675939,48
lstm,topk,4000,1450,78.56807613372803,0.6106667421635029,48
lstm,topk,4000,1500,77.99188661575317,0.6555345843860051,48
lstm,topk,4000,1550,77.0909686088562,0.6719638127971461,48
lstm,topk,4000,1600,76.09947331746419,0.6907467701425968,48
lstm,topk,4000,1650,75.35483471552531,0.6875855936587296,48
lstm,topk,4000,1700,75.18811098734538,0.6058325945426107,48
lstm,topk,4000,1750,75.27095286051433,0.5979303366555163,48
lstm,topk,4000,1800,74.77643982569377,0.7117506009120227,48
lstm,topk,4000,1850,73.4651681582133,0.8375361252839446,48
lstm,topk,4000,1900,71.66560649871826,0.8942019168441085,48
lstm,topk,4000,1950,69.76903756459554,0.9215857846038644,48
lstm,topk,4000,2000,67.64021905263265,0.966986161270168,48
lstm,topk,4000,2050,65.39875181516011,1.0569286843038543,48
lstm,topk,4000,2100,63.02910192807516,1.1021634490932952,48
lstm,topk,4000,2150,60.56762448946635,1.1731497923370524,48
lstm,topk,4000,2200,57.92855827013651,1.1841551421225112,48
lstm,topk,4000,2250,55.29571429888407,1.2279063878037575,48
lstm,topk,4000,2300,52.584650119145714,1.259995351775074,48
lstm,topk,4000,2350,49.96266921361288,1.276097809132988,48
lstm,topk,4000,2400,47.43947728474935,1.3033405093588857,48
lstm,topk,4000,2450,44.88796337445577,1.3190682196727646,48
lstm,topk,4000,2500,42.23846403757731,1.3214965829828462,48
lstm,topk,4000,2550,39.66633836428324,1.303319207967633,48
lstm,topk,4000,2600,37.14194456736247,1.304447073277848,48
lstm,topk,4000,2650,34.638489643732704,1.213297618690883,48
lstm,topk,4000,2700,32.59267501036326,0.9697668986208556,48
lstm,topk,4000,2750,30.94291853904724,0.848888147315707,48
lstm,topk,4000,2800,29.349148829778034,0.8360918058206157,48
lstm,topk,4000,2850,27.682975610097248,0.8680636673949801,48
lstm,topk,4000,2900,25.858943303426106,0.9318293648431828,48
lstm,topk,4000,2950,23.940213084220886,1.0461816670140027,48
lstm,topk,4000,3000,22.20696981747945,0.8852509752333135,48
lstm,topk,4000,3050,21.513235211372372,0.411939563304613,48
lstm,topk,4000,3100,21.45594811439514,0.2496820829232382,48
lstm,topk,4000,3150,21.37218737602234,0.2203416250564292,48
lstm,topk,4000,3200,21.224520405133564,0.2549977079137916,48
lstm,topk,4000,3250,21.06747492154439,0.2242792180083495,48
lstm,topk,4000,3300,20.981266617774963,0.1957527412991005,48
lstm,topk,4000,3350,20.947378118832905,0.2079677029127314,48
lstm,topk,4000,3400,20.99025146166484,0.1944068054582516,48
lstm,topk,4000,3450,21.096071203549705,0.191417386610592,48
lstm,topk,4000,3500,21.23520787556966,0.1861195107319497,48
lstm,topk,4000,3550,21.408971945444744,0.1872302864548224,48
lstm,topk,4000,3600,21.590698917706806,0.1989004611718929,48
lstm,topk,5000,50,20.198317527771,0.0941692171753983,48
lstm,topk,5000,100,20.050846060117085,0.1000258938301406,48
lstm,topk,5000,150,19.16681063175201,0.0934152989311101,48
lstm,topk,5000,200,20.254318555196125,0.1056542034104409,48
lstm,topk,5000,250,25.82355769475301,0.1475402767595269,48
lstm,topk,5000,300,32.33556298414866,0.1900821530128661,48
lstm,topk,5000,350,38.5680718421936,0.2578823403454274,48
lstm,topk,5000,400,44.03331907590231,0.3065521754745908,48
lstm,topk,5000,450,48.64391613006592,0.3384354985911761,48
lstm,topk,5000,500,53.43455123901367,0.3836246601714233,48
lstm,topk,5000,550,58.62823740641276,0.4654371627486274,48
lstm,topk,5000,600,63.64433081944784,0.4873632746776372,48
lstm,topk,5000,650,68.076318581899,0.4746175022433375,48
lstm,topk,5000,700,71.68434079488118,0.5064502688430699,48
lstm,topk,5000,750,74.65894985198975,0.4720860646939141,48
lstm,topk,5000,800,77.23972956339519,0.4629977422645398,48
lstm,topk,5000,850,79.42989794413249,0.4926739868881111,48
lstm,topk,5000,900,81.19544331232707,0.4774796808773915,48
lstm,topk,5000,950,82.46206061045329,0.4625334754518581,48
lstm,topk,5000,1000,83.25542751948039,0.4437307671147864,48
lstm,topk,5000,1050,83.82975260416667,0.4535969621639067,48
lstm,topk,5000,1100,84.19075425465901,0.5026273882688558,48
lstm,topk,5000,1150,84.35534397761027,0.5077973060159173,48
lstm,topk,5000,1200,84.42127879460652,0.4894382081993011,48
lstm,topk,5000,1250,84.28748591740926,0.455380926013088,48
lstm,topk,5000,1300,83.96982717514038,0.4265457543205858,48
lstm,topk,5000,1350,83.7498558362325,0.4994627350843273,48
lstm,topk,5000,1400,83.5538109143575,0.5096135519072468,48
lstm,topk,5000,1450,83.3263292312622,0.5212466805486823,48
lstm,topk,5000,1500,83.1559985478719,0.5188899999808927,48
lstm,topk,5000,1550,82.92796325683594,0.5360258990230701,48
lstm,topk,5000,1600,82.73643159866333,0.5163481944466363,48
lstm,topk,5000,1650,82.76878706614177,0.5075305688016705,48
lstm,topk,5000,1700,83.12441635131836,0.4500516704957891,48
lstm,topk,5000,1750,83.44651301701863,0.5054108234252682,48
lstm,topk,5000,1800,83.44750372568767,0.6384305541022571,48
lstm,topk,5000,1850,83.2202672958374,0.6942777353401862,48
lstm,topk,5000,1900,82.89381122589111,0.6590661398762405,48
lstm,topk,5000,1950,82.56565221150716,0.6641898185438639,48
lstm,topk,5000,2000,82.38604243596394,0.6161125870839511,48
lstm,topk,5000,2050,82.31695874532063,0.5005405463119593,48
lstm,topk,5000,2100,82.23776912689209,0.566703154416109,48
lstm,topk,5000,2150,81.71466382344563,0.7656993078060068,48
lstm,topk,5000,2200,80.61613241831462,0.9176406411987372,48
lstm,topk,5000,2250,79.26594638824463,0.9376403374498276,48
lstm,topk,5000,2300,77.63654216130574,1.051901560971177,48
lstm,topk,5000,2350,75.7205719947815,1.1688016973819613,48
lstm,topk,5000,2400,73.76029539108276,1.175983867348834,48
lstm,topk,5000,2450,71.66467905044556,1.2345657566100603,48
lstm,topk,5000,2500,69.53753725687663,1.2933435728774192,48
lstm,topk,5000,2550,67.38398059209187,1.345807561640266,48
lstm,topk,5000,2600,65.17606894175212,1.3964327655870754,48
lstm,topk,5000,2650,63.00293787320455,1.3887745761192622,48
lstm,topk,5000,2700,60.95355033874512,1.392973566312768,48
lstm,topk,5000,2750,58.83306058247884,1.394717930643086,48
lstm,topk,5000,2800,56.66065160433451,1.4157448701396032,48
lstm,topk,5000,2850,54.53409671783447,1.4189000265179257,48
lstm,topk,5000,2900,52.39489952723185,1.4147870160159652,48
lstm,topk,5000,2950,50.38509861628214,1.398747291642069,48
lstm,topk,5000,3000,48.49714660644531,1.3883607745386133,48
lstm,topk,5000,3050,46.545494556427,1.3843415586155012,48
lstm,topk,5000,3100,44.50984597206116,1.395845202548607,48
lstm,topk,5000,3150,42.51275444030762,1.4096848710666663,48
lstm,topk,5000,3200,40.55164901415507,1.4357252757849082,48
lstm,topk,5000,3250,38.639004707336426,1.410820841279156,48
lstm,topk,5000,3300,36.89291667938232,1.361619538367442,48
lstm,topk,5000,3350,35.294791062672935,1.2455259833482746,48
lstm,topk,5000,3400,33.82064402103424,1.2059598878905398,48
lstm,topk,5000,3450,32.38458323478699,1.2274410601040622,48
lstm,topk,5000,3500,30.87621223926544,1.2861753984642654,48
lstm,topk,5000,3550,29.311999996503197,1.3775949817764088,48
lstm,topk,5000,3600,27.73842140038808,1.382388308821764,48
