scenario,head,candidate_rank,attention_mean,ci95,n
id,1,1,0.03128548,0.0005644525,1600
id,1,2,0.0328195,0.0006608029,1600
id,1,3,0.031534225,0.00069358293,1600
id,1,4,0.035247702,0.00070634607,1600
id,1,5,0.03436586,0.0011449875,1600
id,1,6,0.03302327,0.00060846173,1600
id,1,7,0.03335334,0.00056130294,1600
id,1,8,0.033516522,0.0007253693,1600
id,1,9,0.033110008,0.00064659346,1600
id,1,10,0.034056857,0.00067391753,1600
id,1,11,0.034008455,0.0006216503,1600
id,1,12,0.032199197,0.00064964517,1600
id,1,13,0.032898605,0.0006407999,1600
id,1,14,0.033314,0.0007027681,1600
id,1,15,0.033756033,0.00071347214,1600
id,1,16,0.031778716,0.0006375538,1600
id,1,17,0.038178697,0.0012196838,1600
id,1,18,0.032253876,0.00066921324,1600
id,1,19,0.035305064,0.0012415263,1600
id,1,20,0.033885937,0.0005744454,1600
id,1,21,0.031717636,0.00062134804,1600
id,1,22,0.033504955,0.0010287927,1600
id,1,23,0.03300809,0.0005646562,1600
id,1,24,0.032155447,0.0006549434,1600
id,1,25,0.031644337,0.000614092,1600
id,1,26,0.03415007,0.0007659338,1600
id,1,27,0.035006087,0.0006589311,1600
id,1,28,0.032518208,0.0005987845,1600
id,1,29,0.032887578,0.00061066763,1600
id,1,30,0.033516116,0.0006773931,1600
id,2,1,0.031002745,0.00050503056,1600
id,2,2,0.033143926,0.00060576975,1600
id,2,3,0.031453725,0.0006006586,1600
id,2,4,0.035532985,0.0006073784,1600
id,2,5,0.033747576,0.0010526392,1600
id,2,6,0.03297246,0.000554057,1600
id,2,7,0.03347736,0.00050818117,1600
id,2,8,0.033882003,0.0006457226,1600
id,2,9,0.03267807,0.0005098273,1600
id,2,10,0.034306824,0.00060437236,1600
id,2,11,0.034542277,0.00060536986,1600
id,2,12,0.031962376,0.00056433433,1600
id,2,13,0.033071857,0.0006098007,1600
id,2,14,0.03316958,0.0006129433,1600
id,2,15,0.034121048,0.00063900073,1600
id,2,16,0.03212081,0.0006363181,1600
id,2,17,0.038665786,0.0011694541,1600
id,2,18,0.0319514,0.0005801695,1600
id,2,19,0.03531435,0.0011968429,1600
id,2,20,0.034251526,0.000537332,1600
id,2,21,0.031492054,0.0005569739,1600
id,2,22,0.03273641,0.00092230656,1600
id,2,23,0.033333033,0.0004744123,1600
id,2,24,0.031363152,0.0005351732,1600
id,2,25,0.03121203,0.0005162669,1600
id,2,26,0.034266435,0.00070858427,1600
id,2,27,0.03539938,0.00060997246,1600
id,2,28,0.032300875,0.0005343895,1600
id,2,29,0.033183616,0.0005609298,1600
id,2,30,0.033344463,0.0005730759,1600
id,3,1,0.021457382,0.0016631164,1600
id,3,2,0.025910508,0.0016448565,1600
id,3,3,0.03903172,0.0047301804,1600
id,3,4,0.040338486,0.0028163956,1600
id,3,5,0.042607106,0.0057328977,1600
id,3,6,0.02679705,0.0019031235,1600
id,3,7,0.024798322,0.0013703032,1600
id,3,8,0.03394527,0.0022535934,1600
id,3,9,0.023176387,0.0012260856,1600
id,3,10,0.041704632,0.0034670155,1600
id,3,11,0.042463902,0.0039970125,1600
id,3,12,0.026887774,0.0017100673,1600
id,3,13,0.033193994,0.0025678766,1600
id,3,14,0.030516608,0.001976932,1600
id,3,15,0.041071825,0.0035872005,1600
id,3,16,0.03192324,0.0041393973,1600
id,3,17,0.05714933,0.0062277475,1600
id,3,18,0.021969508,0.0012859754,1600
id,3,19,0.047349162,0.0065870755,1600
id,3,20,0.03295816,0.0019709603,1600
id,3,21,0.036874745,0.0042964728,1600
id,3,22,0.030733764,0.0041305497,1600
id,3,23,0.031195566,0.0022541299,1600
id,3,24,0.022023186,0.0012463506,1600
id,3,25,0.021282077,0.0012209394,1600
id,3,26,0.039878882,0.004875784,1600
id,3,27,0.044598185,0.0037645746,1600
id,3,28,0.025719726,0.0015432008,1600
id,3,29,0.03533448,0.0029457198,1600
id,3,30,0.027109046,0.0014983149,1600
id,4,1,0.012390192,0.0017176287,1600
id,4,2,0.016563315,0.0017566148,1600
id,4,3,0.047881242,0.0081930505,1600
id,4,4,0.03717443,0.003689463,1600
id,4,5,0.04761198,0.0077740746,1600
id,4,6,0.02258091,0.0031140677,1600
id,4,7,0.017705346,0.0016867986,1600
id,4,8,0.036051556,0.0044272593,1600
id,4,9,0.016715681,0.0018030845,1600
id,4,10,0.045713067,0.0059015695,1600
id,4,11,0.047646947,0.0063208914,1600
id,4,12,0.028617179,0.0031133315,1600
id,4,13,0.032451868,0.00456972,1600
id,4,14,0.027797837,0.0041109077,1600
id,4,15,0.049108487,0.0063699135,1600
id,4,16,0.035831273,0.0066105872,1600
id,4,17,0.065783046,0.008210682,1600
id,4,18,0.014118981,0.0015294099,1600
id,4,19,0.047098685,0.008097618,1600
id,4,20,0.033247292,0.0042604906,1600
id,4,21,0.04230752,0.007675845,1600
id,4,22,0.030953402,0.0055530486,1600
id,4,23,0.038657635,0.0062048,1600
id,4,24,0.015958788,0.0015419752,1600
id,4,25,0.014475744,0.0014957979,1600
id,4,26,0.040745325,0.006536151,1600
id,4,27,0.049097568,0.006854857,1600
id,4,28,0.019707821,0.0023225397,1600
id,4,29,0.04541951,0.0071927505,1600
id,4,30,0.020587072,0.001998003,1600
catalogue_120,1,1,0.047709867,0.0020196578,1600
catalogue_120,1,2,0.033474244,0.0012453187,1600
catalogue_120,1,3,0.02784983,0.00092142227,1600
catalogue_120,1,4,0.025938896,0.0009931189,1600
catalogue_120,1,5,0.02340785,0.0008389411,1600
catalogue_120,1,6,0.021891758,0.0007605889,1600
catalogue_120,1,7,0.021584764,0.0010143637,1600
catalogue_120,1,8,0.020510742,0.00093160785,1600
catalogue_120,1,9,0.020262703,0.0007565906,1600
catalogue_120,1,10,0.020201607,0.0006886196,1600
catalogue_120,1,11,0.022071155,0.0011829698,1600
catalogue_120,1,12,0.023302872,0.0011051955,1600
catalogue_120,1,13,0.02494942,0.0011315077,1600
catalogue_120,1,14,0.02681205,0.0011720128,1600
catalogue_120,1,15,0.029719496,0.0012706601,1600
catalogue_120,1,16,0.034919377,0.0014523548,1600
catalogue_120,1,17,0.03807088,0.0014704576,1600
catalogue_120,1,18,0.041367877,0.001519352,1600
catalogue_120,1,19,0.042313036,0.0012757581,1600
catalogue_120,1,20,0.04374172,0.001283705,1600
catalogue_120,1,21,0.043938473,0.001125873,1600
catalogue_120,1,22,0.04385492,0.0010151293,1600
catalogue_120,1,23,0.04366745,0.000991334,1600
catalogue_120,1,24,0.042794086,0.00096865575,1600
catalogue_120,1,25,0.04194774,0.00087496947,1600
catalogue_120,1,26,0.040490285,0.0008331866,1600
catalogue_120,1,27,0.039598595,0.00080972334,1600
catalogue_120,1,28,0.038598526,0.00076723984,1600
catalogue_120,1,29,0.037896577,0.00076645927,1600
catalogue_120,1,30,0.037113145,0.00074747176,1600
catalogue_120,2,1,0.044548374,0.0015157624,1600
catalogue_120,2,2,0.032704674,0.0010371499,1600
catalogue_120,2,3,0.027697768,0.00087165023,1600
catalogue_120,2,4,0.025189953,0.0008610996,1600
catalogue_120,2,5,0.022794632,0.00076494773,1600
catalogue_120,2,6,0.021048134,0.00070458476,1600
catalogue_120,2,7,0.020788651,0.0010026966,1600
catalogue_120,2,8,0.01965501,0.0009111071,1600
catalogue_120,2,9,0.019197185,0.000744378,1600
catalogue_120,2,10,0.01912448,0.00066189794,1600
catalogue_120,2,11,0.0208013,0.0010183484,1600
catalogue_120,2,12,0.022460673,0.0010857844,1600
catalogue_120,2,13,0.024260705,0.0011409112,1600
catalogue_120,2,14,0.026350677,0.0011996896,1600
catalogue_120,2,15,0.029533897,0.0013243265,1600
catalogue_120,2,16,0.035149753,0.0015570882,1600
catalogue_120,2,17,0.03868307,0.001589048,1600
catalogue_120,2,18,0.043030195,0.0016867106,1600
catalogue_120,2,19,0.043984834,0.0014453055,1600
catalogue_120,2,20,0.045253947,0.0014143301,1600
catalogue_120,2,21,0.045758076,0.0012712739,1600
catalogue_120,2,22,0.044928435,0.0011066853,1600
catalogue_120,2,23,0.0448208,0.0010548814,1600
catalogue_120,2,24,0.04363586,0.001005971,1600
catalogue_120,2,25,0.0427061,0.0009299732,1600
catalogue_120,2,26,0.04124568,0.0008886432,1600
catalogue_120,2,27,0.040261615,0.00087199005,1600
catalogue_120,2,28,0.03878525,0.0008042643,1600
catalogue_120,2,29,0.038132645,0.00080631085,1600
catalogue_120,2,30,0.037467588,0.0008042356,1600
catalogue_120,3,1,0.045968596,0.0043934477,1600
catalogue_120,3,2,0.023246553,0.0021580164,1600
catalogue_120,3,3,0.016441986,0.0016005781,1600
catalogue_120,3,4,0.013435614,0.0018247545,1600
catalogue_120,3,5,0.010270646,0.0019603956,1600
catalogue_120,3,6,0.009563906,0.0025279033,1600
catalogue_120,3,7,0.010416567,0.0032809328,1600
catalogue_120,3,8,0.007602506,0.0025510385,1600
catalogue_120,3,9,0.0071641584,0.0021058456,1600
catalogue_120,3,10,0.008333888,0.0024467944,1600
catalogue_120,3,11,0.01377976,0.0037471435,1600
catalogue_120,3,12,0.021388678,0.004850772,1600
catalogue_120,3,13,0.023933377,0.0046004597,1600
catalogue_120,3,14,0.026089072,0.004236177,1600
catalogue_120,3,15,0.03278612,0.0049640327,1600
catalogue_120,3,16,0.045425206,0.005672315,1600
catalogue_120,3,17,0.05239527,0.0059058038,1600
catalogue_120,3,18,0.06097349,0.0064237416,1600
catalogue_120,3,19,0.056925043,0.0050474224,1600
catalogue_120,3,20,0.05898108,0.0051729763,1600
catalogue_120,3,21,0.059387922,0.004854536,1600
catalogue_120,3,22,0.055523023,0.0041467673,1600
catalogue_120,3,23,0.052735705,0.0036180846,1600
catalogue_120,3,24,0.048474588,0.0033239059,1600
catalogue_120,3,25,0.047475267,0.0032724452,1600
catalogue_120,3,26,0.041465133,0.0026668091,1600
catalogue_120,3,27,0.04088058,0.0027890974,1600
catalogue_120,3,28,0.037223857,0.0023923253,1600
catalogue_120,3,29,0.035588685,0.0022357507,1600
catalogue_120,3,30,0.036123563,0.0025481603,1600
catalogue_120,4,1,0.038623046,0.0053982893,1600
catalogue_120,4,2,0.017180623,0.0032807507,1600
catalogue_120,4,3,0.011532572,0.002011349,1600
catalogue_120,4,4,0.009014068,0.0024016134,1600
catalogue_120,4,5,0.0066720783,0.0023764027,1600
catalogue_120,4,6,0.0080484245,0.0034743403,1600
catalogue_120,4,7,0.008759038,0.0038011323,1600
catalogue_120,4,8,0.005690342,0.002797744,1600
catalogue_120,4,9,0.005933931,0.0027296816,1600
catalogue_120,4,10,0.007626293,0.003088472,1600
catalogue_120,4,11,0.014278058,0.004605588,1600
catalogue_120,4,12,0.02418645,0.0061080325,1600
catalogue_120,4,13,0.02686468,0.0060291393,1600
catalogue_120,4,14,0.028855998,0.0056861807,1600
catalogue_120,4,15,0.034413487,0.0061997017,1600
catalogue_120,4,16,0.047830638,0.007030486,1600
catalogue_120,4,17,0.055383373,0.007454456,1600
catalogue_120,4,18,0.06353263,0.007849386,1600
catalogue_120,4,19,0.057433777,0.0066749924,1600
catalogue_120,4,20,0.06227498,0.006943165,1600
catalogue_120,4,21,0.06367023,0.007009012,1600
catalogue_120,4,22,0.05956388,0.006538783,1600
catalogue_120,4,23,0.05436027,0.0056113796,1600
catalogue_120,4,24,0.048563886,0.0052537015,1600
catalogue_120,4,25,0.050617132,0.0055025006,1600
catalogue_120,4,26,0.03994102,0.0041699344,1600
catalogue_120,4,27,0.04124149,0.004502249,1600
catalogue_120,4,28,0.036501795,0.003953445,1600
catalogue_120,4,29,0.033824183,0.0036032454,1600
catalogue_120,4,30,0.03758074,0.0045272494,1600
inclination_150,1,1,0.03102696,0.0005155032,1600
inclination_150,1,2,0.031342212,0.00053041684,1600
inclination_150,1,3,0.036537386,0.0012138223,1600
inclination_150,1,4,0.035310153,0.0011013879,1600
inclination_150,1,5,0.0357976,0.00073635124,1600
inclination_150,1,6,0.034515183,0.0007321207,1600
inclination_150,1,7,0.031006753,0.00051510864,1600
inclination_150,1,8,0.03800094,0.0013200628,1600
inclination_150,1,9,0.030967033,0.0005742372,1600
inclination_150,1,10,0.032563988,0.0005588588,1600
inclination_150,1,11,0.037198223,0.0013797022,1600
inclination_150,1,12,0.030969134,0.000624089,1600
inclination_150,1,13,0.029561529,0.0005442294,1600
inclination_150,1,14,0.03319623,0.00062625005,1600
inclination_150,1,15,0.03451653,0.0006320508,1600
inclination_150,1,16,0.02922034,0.0005036759,1600
inclination_150,1,17,0.038394466,0.0011593592,1600
inclination_150,1,18,0.029725056,0.00058369903,1600
inclination_150,1,19,0.035776924,0.000985666,1600
inclination_150,1,20,0.0351919,0.0005647981,1600
inclination_150,1,21,0.03072008,0.0006268186,1600
inclination_150,1,22,0.028239738,0.000501041,1600
inclination_150,1,23,0.036027644,0.0005584741,1600
inclination_150,1,24,0.031031983,0.0005559546,1600
inclination_150,1,25,0.030402107,0.00051017106,1600
inclination_150,1,26,0.040318627,0.0011864052,1600
inclination_150,1,27,0.035030097,0.0008197626,1600
inclination_150,1,28,0.029995628,0.0005264393,1600
inclination_150,1,29,0.032875143,0.0005346086,1600
inclination_150,1,30,0.034540426,0.0006823461,1600
inclination_150,2,1,0.029901184,0.0005722907,1600
inclination_150,2,2,0.030775374,0.0006188603,1600
inclination_150,2,3,0.038290843,0.0015534766,1600
inclination_150,2,4,0.03561931,0.0013773362,1600
inclination_150,2,5,0.036444344,0.0010165524,1600
inclination_150,2,6,0.035547845,0.00097704,1600
inclination_150,2,7,0.030153293,0.00058310624,1600
inclination_150,2,8,0.03943707,0.001670243,1600
inclination_150,2,9,0.029934818,0.00062322273,1600
inclination_150,2,10,0.031948525,0.0006746565,1600
inclination_150,2,11,0.038950432,0.0018335546,1600
inclination_150,2,12,0.03056229,0.00079300476,1600
inclination_150,2,13,0.028885297,0.0006330769,1600
inclination_150,2,14,0.032916114,0.00073354907,1600
inclination_150,2,15,0.03492572,0.00078406016,1600
inclination_150,2,16,0.028025888,0.0005645937,1600
inclination_150,2,17,0.04055319,0.0015942974,1600
inclination_150,2,18,0.028514588,0.00065168075,1600
inclination_150,2,19,0.036164116,0.0011714032,1600
inclination_150,2,20,0.035697743,0.0006694584,1600
inclination_150,2,21,0.029642312,0.00070522487,1600
inclination_150,2,22,0.026095977,0.00055153354,1600
inclination_150,2,23,0.036702815,0.00068336236,1600
inclination_150,2,24,0.029265601,0.00059734244,1600
inclination_150,2,25,0.028364308,0.00054319395,1600
inclination_150,2,26,0.04326349,0.0016162666,1600
inclination_150,2,27,0.03710391,0.0012105018,1600
inclination_150,2,28,0.028661024,0.0005541019,1600
inclination_150,2,29,0.032897,0.00065096276,1600
inclination_150,2,30,0.034755517,0.00083743886,1600
inclination_150,3,1,0.017394375,0.0012452949,1600
inclination_150,3,2,0.019472552,0.0019181513,1600
inclination_150,3,3,0.05884184,0.0073494846,1600
inclination_150,3,4,0.05036172,0.006640454,1600
inclination_150,3,5,0.046735633,0.0048198947,1600
inclination_150,3,6,0.04710441,0.005140745,1600
inclination_150,3,7,0.015732419,0.0011403877,1600
inclination_150,3,8,0.059131555,0.007774976,1600
inclination_150,3,9,0.017856527,0.0013337297,1600
inclination_150,3,10,0.025829969,0.0021278118,1600
inclination_150,3,11,0.06091641,0.008049365,1600
inclination_150,3,12,0.022812223,0.0024882755,1600
inclination_150,3,13,0.016060788,0.0015610647,1600
inclination_150,3,14,0.031308793,0.002689635,1600
inclination_150,3,15,0.032599367,0.0024409865,1600
inclination_150,3,16,0.011641879,0.0010110565,1600
inclination_150,3,17,0.04878158,0.004961474,1600
inclination_150,3,18,0.019821055,0.002362274,1600
inclination_150,3,19,0.037439145,0.004224975,1600
inclination_150,3,20,0.029321928,0.0018463049,1600
inclination_150,3,21,0.018088352,0.0023304045,1600
inclination_150,3,22,0.010572587,0.0010835503,1600
inclination_150,3,23,0.036072515,0.0022643055,1600
inclination_150,3,24,0.016415656,0.0012608212,1600
inclination_150,3,25,0.013589982,0.001057824,1600
inclination_150,3,26,0.07666768,0.007908655,1600
inclination_150,3,27,0.066527605,0.008319204,1600
inclination_150,3,28,0.014429415,0.0011767987,1600
inclination_150,3,29,0.030814221,0.002953027,1600
inclination_150,3,30,0.04765781,0.005032918,1600
inclination_150,4,1,0.011501598,0.001698293,1600
inclination_150,4,2,0.011603774,0.0025243168,1600
inclination_150,4,3,0.062734745,0.009808203,1600
inclination_150,4,4,0.05752659,0.008979929,1600
inclination_150,4,5,0.04382249,0.0074679404,1600
inclination_150,4,6,0.049079686,0.007913738,1600
inclination_150,4,7,0.010188529,0.0011515573,1600
inclination_150,4,8,0.06819463,0.010510981,1600
inclination_150,4,9,0.013449596,0.0017643975,1600
inclination_150,4,10,0.021194268,0.002950224,1600
inclination_150,4,11,0.06693023,0.009783251,1600
inclination_150,4,12,0.018034266,0.0031236375,1600
inclination_150,4,13,0.009482305,0.0019015989,1600
inclination_150,4,14,0.036150943,0.0050267214,1600
inclination_150,4,15,0.02723923,0.0041304985,1600
inclination_150,4,16,0.003270845,0.0006080772,1600
inclination_150,4,17,0.047391042,0.0059023546,1600
inclination_150,4,18,0.020078853,0.004198891,1600
inclination_150,4,19,0.034396447,0.0062751668,1600
inclination_150,4,20,0.026307479,0.00324145,1600
inclination_150,4,21,0.016745754,0.003741371,1600
inclination_150,4,22,0.0037962543,0.0006045721,1600
inclination_150,4,23,0.03640668,0.0041620177,1600
inclination_150,4,24,0.013526232,0.00187666,1600
inclination_150,4,25,0.009419068,0.0012542738,1600
inclination_150,4,26,0.09878211,0.011876221,1600
inclination_150,4,27,0.07933723,0.011442559,1600
inclination_150,4,28,0.0075480836,0.0013033062,1600
inclination_150,4,29,0.02657669,0.0055098804,1600
inclination_150,4,30,0.069283165,0.009385984,1600
