representation,scenario,episode_id,time_h,mean_u_km,pre_umap_1,pre_umap_2,post_umap_1,post_umap_2,visible_fraction,latent_knn_distance,umap_knn_distance,latent_cross_scenario_fraction,umap_cross_scenario_fraction,projection_mismatch,latent_neighbor_scenario,umap_neighbor_scenario,high_dimensional_outlier,projected_outlier,projection_intrusion,audit_priority
encoder,catalogue_120,2,5.111111111111111,1.5924087,10.62863,11.115319,2.4872255,7.158582,0.5666666666666667,0.23237842,0.10410617528003978,0.2,1.0,0.8,catalogue_120,id,True,False,True,1.0
recurrent,catalogue_120,5,5.388888888888889,1.0044422,16.092083,7.475778,10.891065,5.597581,0.6666666666666666,0.320144,0.14713599319181206,0.7333333333333333,0.7333333333333333,0.0,id,id,True,False,False,1.0
recurrent,catalogue_120,4,5.0,0.9193561,11.314111,11.159234,4.4502153,6.67706,0.7333333333333333,0.24874514,0.19956271046265903,0.6666666666666666,0.6666666666666666,0.0,id,id,True,False,False,0.9967105263157895
recurrent,catalogue_120,4,3.6666666666666665,2.780914,5.280017,10.804998,0.56977946,9.370152,0.43333333333333335,0.021930646,0.23108820881228664,0.0,0.7333333333333333,0.7333333333333333,catalogue_120,id,False,False,True,0.9950657894736842
encoder,catalogue_120,5,5.166666666666667,1.2199857,8.215494,9.949565,1.9030445,7.65594,0.6,0.076564774,0.2302809578998657,0.0,0.7333333333333333,0.7333333333333333,catalogue_120,id,False,False,True,0.9950657894736842
encoder,id,5,2.7777777777777777,1.628142,8.482205,9.737848,2.8071866,-7.4019384,0.16666666666666666,0.24551544,0.07806863092149267,0.6,0.13333333333333333,-0.4666666666666667,catalogue_120,id,True,False,False,0.993421052631579
encoder,id,2,2.75,2.4122348,0.32607624,-2.8102255,-1.7231275,-4.507587,0.23333333333333334,0.23586282,0.1391590404912339,0.8666666666666667,1.0,0.1333333333333333,inclination_150,inclination_150,True,False,False,0.9901315789473685
recurrent,catalogue_120,5,4.75,2.4254127,7.052507,10.044911,2.3752015,9.193072,0.4666666666666667,0.0050884606,0.10255395072088858,0.26666666666666666,0.9333333333333333,0.6666666666666667,catalogue_120,id,False,False,True,0.9868421052631579
encoder,catalogue_120,6,3.9166666666666665,2.8638198,4.29541,13.09407,-2.8547695,8.974577,0.8666666666666667,0.23435006,0.119932379033704,0.13333333333333333,0.13333333333333333,0.0,catalogue_120,catalogue_120,True,False,False,0.9868421052631579
encoder,id,6,2.2222222222222223,4.0554338,4.513229,9.779619,1.9963253,11.060998,0.13333333333333333,0.01231399,0.1118301194003657,0.2,0.8666666666666667,0.6666666666666667,id,catalogue_120,False,False,True,0.9868421052631579
recurrent,catalogue_120,4,4.777777777777778,2.9915695,7.192611,10.245486,2.1908023,8.923896,0.5666666666666667,0.012698889,0.20192093015605198,0.26666666666666666,0.9333333333333333,0.6666666666666667,catalogue_120,id,False,False,True,0.9868421052631579
encoder,catalogue_120,5,5.027777777777778,1.5647961,6.6871696,9.729915,2.2974453,9.796564,0.6333333333333333,0.21461062,0.19054498311161935,0.2,0.4,0.2,catalogue_120,catalogue_120,True,False,False,0.9802631578947368
recurrent,catalogue_120,0,4.722222222222222,3.831336,-4.8441005,14.814654,-2.63349,15.233264,0.6,0.076916285,0.13732990616928398,0.0,0.6666666666666666,0.6666666666666666,catalogue_120,id,False,False,True,0.9769736842105263
encoder,id,1,3.305555555555556,0.7193665,16.402464,7.806311,12.65269,6.5901365,0.2,0.0014706771,0.2547065183740103,0.0,0.6666666666666666,0.6666666666666666,id,catalogue_120,False,False,True,0.9769736842105263
encoder,id,4,3.4722222222222223,0.64479023,16.431095,7.7908945,12.731241,6.627207,0.16666666666666666,0.0011647462,0.27571180917045457,0.0,0.6666666666666666,0.6666666666666666,id,catalogue_120,False,False,True,0.9769736842105263
recurrent,catalogue_120,2,5.138888888888889,1.4752525,14.852965,9.271347,2.973836,6.5623856,0.5666666666666667,0.20693447,0.2155177273718948,0.8666666666666667,1.0,0.1333333333333333,id,id,True,False,False,0.9769736842105263
encoder,catalogue_120,4,3.4444444444444446,2.367473,4.350254,13.137823,-2.6967683,8.980806,0.6333333333333333,0.20686345,0.14973057103396997,0.2,0.13333333333333333,-0.06666666666666668,catalogue_120,catalogue_120,True,False,False,0.9736842105263158
encoder,id,0,2.7777777777777777,2.656863,4.3796887,13.039584,-3.0946345,9.046606,0.13333333333333333,0.19964771,0.16477439386285775,0.9333333333333333,0.9333333333333333,0.0,catalogue_120,catalogue_120,True,False,False,0.9703947368421053
encoder,catalogue_120,2,3.861111111111111,2.574273,4.3878703,13.275151,-3.4503317,8.734399,0.9,0.19554104,0.2063426536375384,0.13333333333333333,0.13333333333333333,0.0,catalogue_120,catalogue_120,True,False,False,0.9671052631578947
encoder,catalogue_120,4,5.0,0.9193561,11.314111,11.159234,4.4502153,6.67706,0.7333333333333333,0.16853467,0.20411250712561876,0.3333333333333333,0.9333333333333333,0.6000000000000001,catalogue_120,id,True,False,True,0.9638157894736842
recurrent,catalogue_120,0,3.9166666666666665,4.5253773,3.128109,10.584842,0.8253617,12.319874,0.6666666666666666,0.025466355,0.33385151217855086,0.3333333333333333,0.9333333333333333,0.6000000000000001,catalogue_120,id,False,False,True,0.9638157894736842
encoder,id,0,2.805555555555556,3.0195432,4.301232,13.146604,-3.3187203,8.79691,0.16666666666666666,0.18485478,0.12463609759039626,0.8,0.9333333333333333,0.1333333333333333,catalogue_120,catalogue_120,True,False,False,0.9638157894736842
recurrent,id,1,1.2777777777777777,16.347498,-0.14339764,12.972479,-2.5539443,13.998904,0.1,0.016774107,0.2057869676669055,0.3333333333333333,0.9333333333333333,0.6000000000000001,id,catalogue_120,False,False,True,0.9638157894736842
recurrent,id,4,1.2777777777777777,19.18024,-0.16544712,13.564346,-3.686389,14.041026,0.13333333333333333,0.0153642455,0.1856018014088417,0.3333333333333333,0.9333333333333333,0.6000000000000001,id,catalogue_120,False,False,True,0.9638157894736842
recurrent,catalogue_120,6,2.0,9.155047,-5.412782,2.6016753,-5.7484593,3.1829967,0.3333333333333333,0.04030718,0.09983348564654175,0.26666666666666666,0.8666666666666667,0.6000000000000001,catalogue_120,inclination_150,False,False,True,0.9638157894736842
encoder,catalogue_120,6,4.583333333333333,2.0211768,7.2763405,10.347569,1.3587097,8.085598,0.9333333333333333,0.18302171,0.11306228235342428,0.0,0.0,0.0,catalogue_120,catalogue_120,True,False,False,0.9605263157894737
recurrent,catalogue_120,5,5.194444444444445,1.1426543,9.577943,9.179196,10.485958,4.803842,0.6333333333333333,0.17896207,0.07074041437079276,0.6666666666666666,0.5333333333333333,-0.1333333333333333,id,id,True,False,False,0.9572368421052632
recurrent,id,2,2.6944444444444446,1.5989031,9.5609,9.036021,-3.403782,8.792895,0.2,0.17372796,0.0507444451635698,0.9333333333333333,1.0,0.06666666666666665,catalogue_120,catalogue_120,True,False,False,0.9539473684210527
recurrent,id,0,4.222222222222222,0.8456852,15.549719,8.69054,11.524872,5.8051805,0.13333333333333333,0.0014778376,0.2478329045076669,0.0,0.6,0.6,id,catalogue_120,False,False,True,0.9506578947368421
recurrent,catalogue_120,6,4.583333333333333,2.0211768,7.2763405,10.347569,1.3587097,8.085598,0.9333333333333333,0.07997443,0.3753782079588029,0.06666666666666667,0.6666666666666666,0.6,catalogue_120,id,False,False,True,0.9506578947368421
recurrent,catalogue_120,4,3.9166666666666665,2.8045394,6.167448,10.479789,1.9592143,10.280959,0.5,0.010480146,0.12639455119648324,0.0,0.6,0.6,catalogue_120,id,False,False,True,0.9506578947368421
encoder,inclination_150,2,4.388888888888889,1.632722,8.078104,9.653465,1.9555887,7.7992644,0.23333333333333334,0.17306754,0.2651523082571748,0.6666666666666666,1.0,0.33333333333333337,id,id,True,False,False,0.9506578947368421
encoder,catalogue_120,2,2.7777777777777777,5.9086313,-5.5406146,11.397037,-3.7061217,9.21832,0.6,0.16721655,0.3794546429300319,0.7333333333333333,0.9333333333333333,0.20000000000000007,inclination_150,inclination_150,True,True,False,0.944078947368421
recurrent,id,1,1.3888888888888888,13.872451,-1.0222261,15.261417,-5.906431,11.403584,0.1,0.017902045,0.25258430069205867,0.3333333333333333,0.8666666666666667,0.5333333333333334,id,catalogue_120,False,False,True,0.9424342105263158
recurrent,id,4,3.1944444444444446,0.905826,16.047205,8.305249,11.544612,6.071179,0.23333333333333334,0.0034023046,0.11153234579464212,0.3333333333333333,0.8666666666666667,0.5333333333333334,id,catalogue_120,False,False,True,0.9424342105263158
recurrent,inclination_150,2,4.305555555555555,3.008446,-1.6011432,-2.126283,-4.200459,0.42541593,0.2,0.16597979,0.1945650600549063,0.06666666666666667,0.0,-0.06666666666666667,inclination_150,inclination_150,True,False,False,0.9407894736842105
recurrent,catalogue_120,2,5.111111111111111,1.5924087,10.62863,11.115319,2.4872255,7.158582,0.5666666666666667,0.16445439,0.15990868799195887,0.26666666666666666,0.6666666666666666,0.39999999999999997,catalogue_120,id,True,False,True,0.9375
recurrent,catalogue_120,6,3.9166666666666665,2.8638198,4.29541,13.09407,-2.8547695,8.974577,0.8666666666666667,0.15519658,0.2518041396928655,0.3333333333333333,0.06666666666666667,-0.26666666666666666,catalogue_120,catalogue_120,True,False,False,0.9342105263157895
encoder,catalogue_120,6,4.555555555555555,2.0445306,7.0246506,10.411066,1.1290007,8.379999,0.9,0.15049228,0.17329692146917713,0.0,0.0,0.0,catalogue_120,catalogue_120,True,False,False,0.930921052631579
encoder,catalogue_120,5,3.6944444444444446,3.0930486,-1.023101,15.6919775,-3.7452624,9.308189,0.5333333333333333,0.1491743,0.1380701945470574,0.26666666666666666,0.4666666666666667,0.2,catalogue_120,catalogue_120,True,False,False,0.9276315789473685
encoder,catalogue_120,4,3.333333333333333,2.2385042,4.2331014,13.070778,-2.2566595,9.317098,0.8333333333333334,0.1462227,0.11250467900372475,0.0,0.13333333333333333,0.13333333333333333,catalogue_120,catalogue_120,True,False,False,0.9243421052631579
encoder,inclination_150,2,4.305555555555555,3.008446,-1.6011432,-2.126283,-4.200459,0.42541593,0.2,0.14556901,0.1496482066170796,0.06666666666666667,0.0,-0.06666666666666667,inclination_150,inclination_150,True,False,False,0.9210526315789473
encoder,id,2,2.6944444444444446,1.5989031,9.5609,9.036021,-3.403782,8.792895,0.2,0.14450786,0.07061792049541996,0.7333333333333333,0.8,0.06666666666666676,catalogue_120,catalogue_120,True,False,False,0.9177631578947368
recurrent,catalogue_120,6,3.861111111111111,3.3944137,0.9086085,16.172,-3.226818,14.946612,0.8,0.14341868,0.2741575155596089,0.13333333333333333,0.6666666666666666,0.5333333333333333,catalogue_120,id,True,False,True,0.9144736842105263
encoder,id,4,3.5,0.6564954,16.290962,7.8972282,12.582791,6.528631,0.13333333333333333,0.0012451251,0.19285506666269808,0.0,0.5333333333333333,0.5333333333333333,id,catalogue_120,False,False,True,0.912828947368421
recurrent,id,5,1.3333333333333333,16.702822,0.634612,13.560051,-2.7813985,15.453017,0.13333333333333333,0.006181979,0.13727365055896662,0.06666666666666667,0.6,0.5333333333333333,id,catalogue_120,False,False,True,0.912828947368421
recurrent,catalogue_120,0,5.055555555555555,2.848965,-5.297625,12.248703,-5.7882056,3.144522,0.4666666666666667,0.083236694,0.12096466537284736,0.4,0.9333333333333333,0.5333333333333333,catalogue_120,inclination_150,False,False,True,0.912828947368421
recurrent,id,4,3.2222222222222223,0.8130672,15.60673,8.700403,11.4475765,5.844248,0.26666666666666666,0.0021753986,0.20219478237688174,0.06666666666666667,0.6,0.5333333333333333,id,catalogue_120,False,False,True,0.912828947368421
recurrent,catalogue_120,7,5.444444444444445,4.641269,6.0183625,10.650762,1.8907995,10.369672,0.5666666666666667,0.017386468,0.0968335779471903,0.0,0.5333333333333333,0.5333333333333333,catalogue_120,id,False,False,True,0.912828947368421
encoder,catalogue_120,2,2.805555555555556,5.8802295,-5.1993356,11.969417,-3.9230661,9.364299,0.6,0.111767344,0.3722914902178285,0.06666666666666667,0.6,0.5333333333333333,catalogue_120,inclination_150,True,True,True,0.912828947368421
recurrent,id,3,2.583333333333333,3.2164755,5.3386154,9.259767,1.7414896,9.642859,0.06666666666666667,0.0050854245,0.15238668956102275,0.0,0.5333333333333333,0.5333333333333333,id,catalogue_120,False,False,True,0.912828947368421
encoder,catalogue_120,5,5.138888888888889,1.208716,8.491735,9.768946,2.4303994,7.176566,0.6666666666666666,0.09023957,0.09479651169518535,0.4,0.9333333333333333,0.5333333333333333,catalogue_120,id,False,False,True,0.912828947368421
recurrent,catalogue_120,3,3.6666666666666665,4.012207,2.7561908,10.605717,0.54093385,11.714902,0.5,0.028914329,0.1413981912318137,0.4666666666666667,1.0,0.5333333333333333,catalogue_120,id,False,False,True,0.912828947368421
recurrent,id,3,2.555555555555556,3.2373226,5.3342032,9.270195,1.7855068,9.646922,0.03333333333333333,0.0054664137,0.1408340573659304,0.0,0.5333333333333333,0.5333333333333333,id,catalogue_120,False,False,True,0.912828947368421
recurrent,id,0,4.25,0.83399624,15.557693,8.66893,11.563213,5.823695,0.13333333333333333,0.0013653914,0.2468019602765203,0.0,0.5333333333333333,0.5333333333333333,id,catalogue_120,False,False,True,0.912828947368421
recurrent,id,1,1.9722222222222223,5.2844872,3.6250298,10.031397,1.5265812,12.242254,0.16666666666666666,0.0038357417,0.20378739987968525,0.06666666666666667,0.6,0.5333333333333333,id,catalogue_120,False,False,True,0.912828947368421
recurrent,catalogue_120,4,3.111111111111111,6.637517,-4.396735,12.37315,-5.519523,3.5311916,0.5,0.03425018,0.19276503880870174,0.06666666666666667,0.6,0.5333333333333333,catalogue_120,inclination_150,False,False,True,0.912828947368421
encoder,id,1,3.2777777777777777,0.7173876,16.368376,7.9265656,12.54575,6.5081453,0.23333333333333334,0.0017697294,0.23023620963145955,0.0,0.5333333333333333,0.5333333333333333,id,catalogue_120,False,False,True,0.912828947368421
recurrent,catalogue_120,6,4.611111111111111,1.9868098,6.6344943,10.280603,2.2906675,9.522076,0.8,0.0057938695,0.21606533398024494,0.0,0.5333333333333333,0.5333333333333333,catalogue_120,id,False,False,True,0.912828947368421
encoder,catalogue_120,4,3.305555555555556,2.1886556,4.312307,13.150428,-2.388519,9.388696,0.8,0.14207216,0.12914604279572833,0.0,0.13333333333333333,0.13333333333333333,catalogue_120,catalogue_120,True,False,False,0.9111842105263158
recurrent,catalogue_120,2,3.861111111111111,2.574273,4.3878703,13.275151,-3.4503317,8.734399,0.9,0.13762812,0.09719294575729136,0.4,0.06666666666666667,-0.33333333333333337,catalogue_120,catalogue_120,True,False,False,0.9078947368421053
encoder,catalogue_120,4,3.4166666666666665,2.301305,4.2739115,13.345449,-3.3651674,8.796251,0.7,0.13720518,0.15494010866734326,0.06666666666666667,0.06666666666666667,0.0,catalogue_120,catalogue_120,True,False,False,0.9046052631578947
recurrent,catalogue_120,1,4.972222222222222,3.5898738,-0.0187147,16.918188,-8.240302,10.56454,0.7333333333333333,0.13707842,0.06041209291444099,0.0,0.0,0.0,catalogue_120,catalogue_120,True,False,False,0.9013157894736842
encoder,catalogue_120,4,3.361111111111111,2.2999892,4.243698,13.094644,-2.0056443,9.26134,0.7333333333333333,0.13315208,0.11004601878095731,0.0,0.13333333333333333,0.13333333333333333,catalogue_120,catalogue_120,True,False,False,0.8980263157894737
recurrent,id,0,2.833333333333333,3.4803183,-3.4880419,10.414308,-0.8974359,11.710997,0.16666666666666666,0.13228244,0.31326547646152486,0.3333333333333333,0.06666666666666667,-0.26666666666666666,id,id,True,False,False,0.8947368421052632
recurrent,catalogue_120,4,3.305555555555556,2.1886556,4.312307,13.150428,-2.388519,9.388696,0.8,0.13203071,0.22841166816052913,0.0,0.0,0.0,catalogue_120,catalogue_120,True,False,False,0.8914473684210527
recurrent,id,7,3.111111111111111,1.1739647,9.634628,9.564419,2.9694622,6.593579,0.16666666666666666,0.1309015,0.19436520416690534,0.06666666666666667,0.06666666666666667,0.0,id,id,True,False,False,0.8881578947368421
encoder,catalogue_120,4,3.388888888888889,2.3606048,4.2719536,13.151024,-1.9902483,9.238163,0.7333333333333333,0.13059099,0.11858217897391612,0.0,0.13333333333333333,0.13333333333333333,catalogue_120,catalogue_120,True,False,False,0.8848684210526315
recurrent,id,2,2.75,2.4122348,0.32607624,-2.8102255,-1.7231275,-4.507587,0.23333333333333334,0.13025425,0.21680112765231815,0.9333333333333333,1.0,0.06666666666666665,inclination_150,inclination_150,True,False,False,0.881578947368421
recurrent,catalogue_120,2,2.75,5.955114,2.7526488,10.408013,1.2641273,11.35625,0.6,0.02321738,0.1360297071896708,0.2,0.7333333333333333,0.5333333333333332,catalogue_120,id,False,False,True,0.8799342105263158
encoder,catalogue_120,4,3.555555555555556,2.5904205,5.0977015,10.042638,2.1938045,10.931283,0.4666666666666667,0.022733394,0.12374434200479069,0.2,0.7333333333333333,0.5333333333333332,catalogue_120,id,False,False,True,0.8799342105263158
recurrent,id,3,1.805555555555556,6.4867163,3.596936,10.249105,1.5916735,12.483849,0.2,0.0036777535,0.12139258972647929,0.2,0.7333333333333333,0.5333333333333332,id,catalogue_120,False,False,True,0.8799342105263158
recurrent,catalogue_120,6,4.944444444444445,1.7382056,7.8314276,10.106761,1.6660068,7.8794856,0.5,0.026977897,0.32863721168458665,0.2,0.7333333333333333,0.5333333333333332,catalogue_120,id,False,False,True,0.8799342105263158
recurrent,id,2,2.833333333333333,1.4335431,9.231456,9.345084,2.7950459,6.7517333,0.3333333333333333,0.12901917,0.23166466279243958,0.13333333333333333,0.06666666666666667,-0.06666666666666667,id,id,True,False,False,0.8782894736842105
recurrent,inclination_150,2,4.388888888888889,1.632722,8.078104,9.653465,1.9555887,7.7992644,0.23333333333333334,0.12872352,0.20438934989664723,0.9333333333333333,1.0,0.06666666666666665,id,id,True,False,False,0.875
recurrent,catalogue_120,2,5.027777777777778,2.4634938,-4.7777762,12.022881,-1.4404942,11.729693,0.5,0.12778883,0.24354702073225887,0.3333333333333333,0.8,0.46666666666666673,catalogue_120,id,True,False,True,0.8717105263157895
recurrent,catalogue_120,4,3.333333333333333,2.2385042,4.2331014,13.070778,-2.2566595,9.317098,0.8333333333333334,0.12668595,0.18624165851724458,0.0,0.0,0.0,catalogue_120,catalogue_120,True,False,False,0.868421052631579
recurrent,id,5,1.7222222222222223,12.351392,3.2358603,10.58036,0.6881448,13.831004,0.23333333333333334,0.010773981,0.12075455802258403,0.3333333333333333,0.8,0.46666666666666673,id,catalogue_120,False,False,True,0.8651315789473685
recurrent,id,1,0.7222222222222222,14.566875,-0.62412155,15.273775,-5.919578,11.535436,0.2,0.0134058595,0.2554609977586042,0.3333333333333333,0.8,0.46666666666666673,id,catalogue_120,False,False,True,0.8651315789473685
encoder,catalogue_120,0,5.138888888888889,1.96111,4.2979245,12.795623,-0.23932122,9.055896,0.4666666666666667,0.12616979,0.15580205899146238,0.0,0.06666666666666667,0.06666666666666667,catalogue_120,catalogue_120,True,False,False,0.8651315789473685
recurrent,catalogue_120,0,5.083333333333333,2.870641,-5.762945,12.910801,-7.7825427,2.3115969,0.43333333333333335,0.065651916,0.19635400681816778,0.3333333333333333,0.8,0.46666666666666673,catalogue_120,inclination_150,False,False,True,0.8651315789473685
encoder,catalogue_120,0,2.611111111111111,8.69209,-5.512086,12.569577,-7.657178,2.332145,0.5666666666666667,0.024686981,0.2431643454946333,0.3333333333333333,0.8,0.46666666666666673,catalogue_120,inclination_150,False,False,True,0.8651315789473685
recurrent,inclination_150,5,5.111111111111111,1.0093286,7.484267,-3.079101,6.815058,-4.7900043,0.2,0.12548797,0.10745089277673901,0.0,0.0,0.0,inclination_150,inclination_150,True,False,False,0.8618421052631579
encoder,inclination_150,2,4.333333333333333,2.9657063,0.92762285,8.79118,2.708226,10.354209,0.2,0.12484401,0.21758037339650646,1.0,1.0,0.0,id,id,True,False,False,0.8585526315789473
recurrent,id,3,3.4444444444444446,1.0654768,11.005358,11.505588,4.6762524,6.989177,0.2,0.12415709,0.07802917954844897,0.0,0.0,0.0,id,id,True,False,False,0.8552631578947368
encoder,catalogue_120,2,2.7222222222222223,5.9389243,0.29783025,14.024668,-1.4269192,9.660289,0.5666666666666667,0.12267169,0.23729780660306252,0.26666666666666666,0.6666666666666666,0.39999999999999997,catalogue_120,id,True,False,True,0.8519736842105263
recurrent,id,1,2.9722222222222223,1.1489389,9.466358,9.412455,2.925996,6.603712,0.1,0.12262788,0.18932136057782484,0.2,0.06666666666666667,-0.13333333333333336,id,id,True,False,False,0.8486842105263158
recurrent,id,4,3.0,1.1758687,9.446671,9.433913,2.9512637,6.5934844,0.16666666666666666,0.12033485,0.18936132119229182,0.06666666666666667,0.06666666666666667,0.0,id,id,True,False,False,0.8453947368421053
encoder,id,2,2.7777777777777777,2.8912606,-3.6275432,10.610459,-0.9758179,11.921455,0.26666666666666666,0.118785284,0.07704094423101458,0.3333333333333333,0.0,-0.3333333333333333,id,id,True,False,False,0.8421052631578947
recurrent,catalogue_120,5,3.6944444444444446,3.0930486,-1.023101,15.6919775,-3.7452624,9.308189,0.5333333333333333,0.11733155,0.18580164101574012,0.2,0.13333333333333333,-0.06666666666666668,catalogue_120,catalogue_120,True,False,False,0.8388157894736842
recurrent,catalogue_120,5,5.055555555555555,1.2355372,8.933385,9.559802,2.394517,7.179797,0.6,0.11696932,0.14858572950523113,0.5333333333333333,0.6666666666666666,0.1333333333333333,id,id,True,False,False,0.8355263157894737
encoder,catalogue_120,0,5.527777777777778,1.9026695,6.6337867,10.852777,-1.8845592,8.969853,0.5666666666666667,0.11688798,0.16925746927330357,0.06666666666666667,0.0,-0.06666666666666667,catalogue_120,catalogue_120,True,False,False,0.8322368421052632
encoder,catalogue_120,5,5.055555555555555,1.2355372,8.933385,9.559802,2.394517,7.179797,0.6,0.11646292,0.24770754822000327,0.6666666666666666,0.8,0.13333333333333341,id,id,True,False,False,0.8289473684210527
encoder,catalogue_120,6,4.972222222222222,1.719724,10.896615,11.177567,3.296939,7.4154944,0.6333333333333333,0.07960005,0.15637941235185163,0.4666666666666667,0.9333333333333333,0.4666666666666667,catalogue_120,id,False,False,True,0.8256578947368421
recurrent,catalogue_120,7,2.7777777777777777,21.44156,-4.423185,12.449433,-5.5408435,3.5124087,0.7333333333333333,0.034007475,0.17123062917965504,0.13333333333333333,0.6,0.4666666666666667,catalogue_120,inclination_150,False,False,True,0.8256578947368421
recurrent,catalogue_120,0,3.638888888888889,5.980225,-3.8780437,11.856449,-1.17331,13.502741,0.5666666666666667,0.018822582,0.5258119777676921,0.13333333333333333,0.6,0.4666666666666667,catalogue_120,id,False,True,True,0.8256578947368421
recurrent,id,6,2.333333333333333,3.2944236,5.151844,9.353695,1.7316707,9.677663,0.16666666666666666,0.0047328034,0.14701967755465006,0.13333333333333333,0.6,0.4666666666666667,id,catalogue_120,False,False,True,0.8256578947368421
recurrent,id,3,0.6666666666666666,19.187565,-0.19181219,13.52277,-3.6588328,13.789673,0.1,0.018209295,0.12492602068908552,0.4,0.8666666666666667,0.4666666666666667,id,catalogue_120,False,False,True,0.8256578947368421
recurrent,catalogue_120,5,4.361111111111111,2.7754033,5.3481717,10.306198,1.9111418,10.388513,0.36666666666666664,0.00438298,0.09957182974638333,0.06666666666666667,0.5333333333333333,0.4666666666666667,catalogue_120,id,False,False,True,0.8256578947368421
recurrent,id,0,0.4444444444444444,11.844868,0.7254855,10.843366,-0.58738464,13.495862,0.13333333333333333,0.01505514,0.24671555264671483,0.06666666666666667,0.5333333333333333,0.4666666666666667,id,catalogue_120,False,False,True,0.8256578947368421
recurrent,catalogue_120,6,2.138888888888889,7.7102947,-5.1706004,11.99444,-5.597843,3.086979,0.4666666666666667,0.064660035,0.09522511390872883,0.4,0.8666666666666667,0.4666666666666667,catalogue_120,inclination_150,False,False,True,0.8256578947368421
recurrent,catalogue_120,5,4.666666666666667,2.5444324,7.33659,10.315948,1.3988417,8.680294,0.6666666666666666,0.009591663,0.09950072379525826,0.13333333333333333,0.6,0.4666666666666667,catalogue_120,id,False,False,True,0.8256578947368421
recurrent,id,5,0.4722222222222222,11.684332,0.4517861,13.293635,-2.4111674,15.195333,0.06666666666666667,0.01067125,0.13771909540178873,0.13333333333333333,0.6,0.4666666666666667,id,catalogue_120,False,False,True,0.8256578947368421
recurrent,id,1,1.1388888888888888,17.730692,-0.08019222,13.390202,-3.0301707,14.740546,0.1,0.01598109,0.3774320179202796,0.06666666666666667,0.5333333333333333,0.4666666666666667,id,catalogue_120,False,False,True,0.8256578947368421
encoder,id,4,1.2222222222222223,18.664364,0.3467698,14.994591,-5.1724787,13.530656,0.16666666666666666,0.00511597,0.19413041401688796,0.4,0.8666666666666667,0.4666666666666667,id,catalogue_120,False,False,True,0.8256578947368421
encoder,id,5,0.5555555555555556,14.137406,0.033011686,13.884451,-4.170435,13.750157,0.06666666666666667,0.015474808,0.26440752604590545,0.06666666666666667,0.5333333333333333,0.4666666666666667,id,catalogue_120,False,False,True,0.8256578947368421
recurrent,id,1,1.9166666666666667,6.813325,3.559803,10.236402,1.5210174,12.599756,0.13333333333333333,0.0035554925,0.18036409826316915,0.13333333333333333,0.6,0.4666666666666667,id,catalogue_120,False,False,True,0.8256578947368421
recurrent,catalogue_120,5,5.166666666666667,1.2199857,8.215494,9.949565,1.9030445,7.65594,0.6,0.041493304,0.17841988529937583,0.4,0.8666666666666667,0.4666666666666667,catalogue_120,id,False,False,True,0.8256578947368421
encoder,catalogue_120,2,1.9444444444444444,10.064929,-0.23356844,15.263204,-5.4589763,12.461222,0.5,0.015710728,0.1543672666553773,0.13333333333333333,0.6,0.4666666666666667,catalogue_120,id,False,False,True,0.8256578947368421
encoder,catalogue_120,1,0.0,7.963488,2.9325187,9.2361965,19.695982,2.7926564,0.6666666666666666,0.027386487,0.40779042990997305,0.13333333333333333,0.6,0.4666666666666667,catalogue_120,id,False,True,True,0.8256578947368421
encoder,catalogue_120,1,5.055555555555555,2.8762848,-0.06321846,16.755697,-2.7854614,9.441795,0.6333333333333333,0.115902185,0.20031840703980622,0.0,0.0,0.0,catalogue_120,catalogue_120,True,False,False,0.8256578947368421
encoder,catalogue_120,1,3.9166666666666665,4.941828,0.80185074,13.483208,2.0063193,11.539916,0.5666666666666667,0.058222,0.18534652370744778,0.4,0.8666666666666667,0.4666666666666667,catalogue_120,id,False,False,True,0.8256578947368421
encoder,catalogue_120,6,2.0,9.155047,-5.412782,2.6016753,-5.7484593,3.1829967,0.3333333333333333,0.030835085,0.1743273822298684,0.4666666666666667,0.9333333333333333,0.4666666666666667,catalogue_120,inclination_150,False,False,True,0.8256578947368421
encoder,id,7,2.7222222222222223,1.7636257,8.462386,9.578426,2.0882087,7.4715323,0.13333333333333333,0.11509735,0.13306718361777964,0.2,0.0,-0.2,id,id,True,False,False,0.8223684210526315
recurrent,catalogue_120,2,2.1944444444444446,6.971668,1.6928391,10.367562,-1.1566827,11.553775,0.7666666666666667,0.11497825,0.28813016383121365,0.5333333333333333,0.8666666666666667,0.33333333333333337,catalogue_120,id,True,False,True,0.819078947368421
recurrent,id,7,2.805555555555556,1.4247304,9.362985,9.195754,5.2143292,-5.6895604,0.16666666666666666,0.11434507,0.27413655158272354,0.8,0.8666666666666667,0.06666666666666665,inclination_150,inclination_150,True,False,False,0.8157894736842105
encoder,id,2,2.805555555555556,3.3897848,-3.7624161,11.040489,-1.0464137,12.104892,0.26666666666666666,0.11407236,0.14297738498459,0.6,0.8,0.20000000000000007,catalogue_120,catalogue_120,True,False,False,0.8125
recurrent,id,7,3.0277777777777777,1.2173369,9.460599,9.445696,2.9579716,6.5831633,0.2,0.11389964,0.19540039877624174,0.13333333333333333,0.06666666666666667,-0.06666666666666667,id,id,True,False,False,0.8092105263157895
encoder,catalogue_120,1,5.027777777777778,2.860013,4.144371,13.183965,-2.9695508,9.126827,0.6333333333333333,0.113326944,0.13101957894036004,0.0,0.06666666666666667,0.06666666666666667,catalogue_120,catalogue_120,True,False,False,0.805921052631579
recurrent,catalogue_120,2,2.805555555555556,5.8802295,-5.1993356,11.969417,-3.9230661,9.364299,0.6,0.11203172,0.321793231722832,0.3333333333333333,0.13333333333333333,-0.19999999999999998,catalogue_120,catalogue_120,True,False,False,0.8026315789473685
recurrent,id,7,2.7777777777777777,1.557848,9.125968,9.354961,2.5623531,7.02642,0.13333333333333333,0.11199052,0.2226494323063557,0.26666666666666666,0.4,0.13333333333333336,id,id,True,False,False,0.7993421052631579
recurrent,catalogue_120,2,2.7777777777777777,5.9086313,-5.5406146,11.397037,-3.7061217,9.21832,0.6,0.11170767,0.13668240042403185,0.2,0.13333333333333333,-0.06666666666666668,catalogue_120,catalogue_120,True,False,False,0.7927631578947368
recurrent,id,2,2.805555555555556,3.3897848,-3.7624161,11.040489,-1.0464137,12.104892,0.26666666666666666,0.109334774,0.08164050501685025,0.6,0.0,-0.6,catalogue_120,id,True,False,False,0.7894736842105263
encoder,id,7,2.6944444444444446,1.8236109,8.252877,9.539468,2.13522,7.436015,0.13333333333333333,0.109315604,0.2259171100415442,0.0,0.06666666666666667,0.06666666666666667,id,id,True,False,False,0.7861842105263158
recurrent,id,2,2.888888888888889,1.2374482,9.269772,9.464828,2.8802924,6.6815,0.16666666666666666,0.10847648,0.1960452691965364,0.13333333333333333,0.06666666666666667,-0.06666666666666667,id,id,True,False,False,0.7828947368421053
encoder,id,6,1.6111111111111112,10.261258,2.7479675,10.455788,0.21054523,13.302536,0.16666666666666666,0.023225375,0.2858844787734579,0.2,0.6666666666666666,0.4666666666666666,id,catalogue_120,False,False,True,0.7796052631578947
recurrent,id,7,3.083333333333333,1.2137588,9.417825,9.526146,2.9531643,6.5981584,0.16666666666666666,0.10802701,0.18802459998200424,0.2,0.06666666666666667,-0.13333333333333336,id,id,True,False,False,0.7796052631578947
recurrent,id,2,0.4444444444444444,11.948355,-0.31455252,11.658684,0.528315,13.723925,0.16666666666666666,0.011378204,0.2504933257826941,0.2,0.6666666666666666,0.4666666666666666,id,catalogue_120,False,False,True,0.7796052631578947
recurrent,id,3,2.333333333333333,3.3665032,5.0613523,9.486867,1.7544528,10.043545,0.13333333333333333,0.004199028,0.19120069242480575,0.2,0.6666666666666666,0.4666666666666666,id,catalogue_120,False,False,True,0.7796052631578947
recurrent,id,3,2.361111111111111,3.3950398,5.0944123,9.39086,1.7070268,10.011122,0.13333333333333333,0.0047227023,0.2000517584202499,0.2,0.6666666666666666,0.4666666666666666,id,catalogue_120,False,False,True,0.7796052631578947
recurrent,id,7,1.5277777777777777,10.746586,0.14872622,12.842846,-2.285929,15.130257,0.16666666666666666,0.013424126,0.1836355287001831,0.26666666666666666,0.7333333333333333,0.4666666666666666,id,catalogue_120,False,False,True,0.7796052631578947
recurrent,id,6,1.4444444444444444,9.94658,-0.52337945,11.7821045,0.6496314,13.858575,0.1,0.009415404,0.12701086635756956,0.26666666666666666,0.7333333333333333,0.4666666666666666,id,catalogue_120,False,False,True,0.7796052631578947
recurrent,id,5,1.6944444444444444,12.348942,3.1773553,10.55758,0.7254074,13.761277,0.23333333333333334,0.008846561,0.1499115788651955,0.2,0.6666666666666666,0.4666666666666666,id,catalogue_120,False,False,True,0.7796052631578947
recurrent,id,6,1.7222222222222223,6.1504354,3.5902398,10.107508,1.5870911,12.352009,0.23333333333333334,0.004052937,0.12458505796898318,0.2,0.6666666666666666,0.4666666666666666,id,catalogue_120,False,False,True,0.7796052631578947
encoder,catalogue_120,1,1.6111111111111112,14.925223,0.8952742,14.115442,-2.8519852,15.541448,0.7666666666666667,0.017594067,0.1730949298354229,0.2,0.6666666666666666,0.4666666666666666,catalogue_120,id,False,False,True,0.7796052631578947
recurrent,id,7,3.055555555555556,1.173903,9.474611,9.475101,2.9576972,6.586419,0.2,0.10796429,0.19332705048485802,0.2,0.06666666666666667,-0.13333333333333336,id,id,True,False,False,0.7763157894736842
encoder,id,0,2.833333333333333,3.4803183,-3.4880419,10.414308,-0.8974359,11.710997,0.16666666666666666,0.10720829,0.06785480744252077,0.13333333333333333,0.0,-0.13333333333333333,id,id,True,False,False,0.7730263157894737
encoder,catalogue_120,0,4.75,2.9853609,4.2937713,12.841113,-1.5600483,9.241541,0.4666666666666667,0.107107274,0.12879179766126675,0.0,0.06666666666666667,0.06666666666666667,catalogue_120,catalogue_120,True,False,False,0.7697368421052632
encoder,catalogue_120,2,3.8333333333333335,2.530847,4.241976,13.358093,-3.4165993,8.816493,0.8333333333333334,0.10608418,0.13592844493649706,0.0,0.0,0.0,catalogue_120,catalogue_120,True,False,False,0.7664473684210527
encoder,catalogue_120,5,3.861111111111111,2.9989617,5.2117953,10.739531,2.077671,10.074335,0.7666666666666667,0.10519639,0.11769449721153803,0.13333333333333333,0.0,-0.13333333333333333,catalogue_120,catalogue_120,True,False,False,0.7631578947368421
recurrent,id,7,3.138888888888889,1.0860611,12.789742,10.4869995,6.66277,5.707864,0.16666666666666666,0.10509739,0.06960030112757316,0.0,0.0,0.0,id,id,True,False,False,0.7598684210526315
recurrent,id,2,2.861111111111111,1.3260834,9.2543,9.36418,2.9081073,6.61081,0.26666666666666666,0.10487844,0.19278222360278285,0.4,0.06666666666666667,-0.33333333333333337,id,id,True,False,False,0.756578947368421
recurrent,id,1,2.9444444444444446,1.3305222,9.149541,9.497404,2.5241528,7.0619164,0.1,0.1047194,0.19738307747900302,0.26666666666666666,0.4,0.13333333333333336,id,id,True,False,False,0.7532894736842105
recurrent,catalogue_120,4,4.861111111111111,2.8200996,10.937218,11.193704,3.0784574,8.313606,0.7333333333333333,0.10262909,0.5065535593723234,0.4,0.4,0.0,catalogue_120,catalogue_120,True,True,False,0.75
recurrent,catalogue_120,6,5.527777777777778,1.2766901,11.762914,11.010981,4.4474883,6.9016557,0.8,0.10246091,0.1587840030233819,0.7333333333333333,1.0,0.2666666666666667,id,id,True,False,False,0.7467105263157895
encoder,catalogue_120,3,4.527777777777778,2.943107,4.204064,12.9499655,-1.7883373,9.332051,0.6666666666666666,0.102315806,0.10311185839787793,0.0,0.0,0.0,catalogue_120,catalogue_120,True,False,False,0.743421052631579
encoder,catalogue_120,0,5.166666666666667,2.0975883,4.908932,9.859015,2.0097196,9.660331,0.4,0.101909444,0.17527817921232955,0.06666666666666667,0.4666666666666667,0.4,catalogue_120,catalogue_120,True,False,False,0.7401315789473685
recurrent,id,5,0.3888888888888889,9.277461,1.0889134,10.3700075,-3.8221498,9.33684,0.13333333333333333,0.10168155,0.23459102354251424,0.5333333333333333,0.9333333333333333,0.4,catalogue_120,catalogue_120,True,False,False,0.7368421052631579
encoder,id,3,1.8888888888888888,6.7054358,0.91736525,14.057213,2.038669,11.546788,0.2,0.10123204,0.14393497720198997,0.9333333333333333,0.4666666666666667,-0.4666666666666667,catalogue_120,id,True,False,False,0.7335526315789473
recurrent,id,2,2.9166666666666665,1.2683243,9.057122,9.538422,2.8434699,6.777703,0.16666666666666666,0.10114915,0.21800599511422558,0.13333333333333333,0.06666666666666667,-0.06666666666666667,id,id,True,False,False,0.7302631578947368
recurrent,catalogue_120,6,0.3611111111111111,10.840023,1.1329215,10.352528,-3.7783575,9.334589,0.3,0.100932285,0.21156103666278728,0.5333333333333333,0.13333333333333333,-0.4,id,catalogue_120,True,False,False,0.7269736842105263
recurrent,catalogue_120,1,4.944444444444445,4.4035788,-4.537282,14.643323,-2.4019392,15.28876,0.8333333333333334,0.041880716,0.14729413314849482,0.13333333333333333,0.5333333333333333,0.4,catalogue_120,id,False,False,True,0.725328947368421
recurrent,id,7,0.8055555555555556,18.791485,-0.12900497,12.938565,-2.4703884,14.083741,0.1,0.0127956625,0.24355432479295105,0.4,0.8,0.4,id,catalogue_120,False,False,True,0.725328947368421
recurrent,id,1,3.0,1.1153545,9.52611,9.373582,10.452771,4.8633184,0.13333333333333333,0.0952486,0.11071993245375897,0.13333333333333333,0.5333333333333333,0.4,id,catalogue_120,True,False,True,0.725328947368421
recurrent,catalogue_120,5,4.388888888888889,2.7841334,5.636333,10.168139,1.9993323,10.360515,0.4666666666666667,0.0039979857,0.12522812109655854,0.13333333333333333,0.5333333333333333,0.4,catalogue_120,id,False,False,True,0.725328947368421
recurrent,catalogue_120,2,4.972222222222222,2.5241013,8.165757,9.957925,1.9232193,7.738631,0.4,0.03804921,0.18834210611898508,0.4,0.8,0.4,catalogue_120,id,False,False,True,0.725328947368421
recurrent,catalogue_120,6,5.0,1.6393888,16.046423,7.450645,11.035927,5.720742,0.6,0.06200869,0.14008692540263967,0.4,0.8,0.4,catalogue_120,id,False,False,True,0.725328947368421
recurrent,catalogue_120,3,3.611111111111111,3.8593764,3.1595495,10.4781475,1.3679819,11.463306,0.6666666666666666,0.011238305,0.1713186284844335,0.4,0.8,0.4,catalogue_120,id,False,False,True,0.725328947368421
recurrent,catalogue_120,3,5.527777777777778,1.2849942,6.893436,9.4508095,1.4360287,8.428105,0.4666666666666667,0.022379553,0.14403223996302453,0.4666666666666667,0.8666666666666667,0.4,catalogue_120,id,False,False,True,0.725328947368421
recurrent,id,6,2.7777777777777777,1.9617974,6.541131,9.443056,2.3956554,9.477257,0.16666666666666666,0.008364459,0.16875405803035184,0.13333333333333333,0.5333333333333333,0.4,id,catalogue_120,False,False,True,0.725328947368421
recurrent,id,6,2.805555555555556,1.929987,6.7925086,9.562729,2.4039886,9.331861,0.13333333333333333,0.0048505464,0.14938410658950976,0.13333333333333333,0.5333333333333333,0.4,id,catalogue_120,False,False,True,0.725328947368421
encoder,id,2,0.4722222222222222,11.659072,-0.018417988,13.705012,-4.177839,13.661843,0.13333333333333333,0.03246844,0.2410328476124954,0.13333333333333333,0.5333333333333333,0.4,id,catalogue_120,False,False,True,0.725328947368421
encoder,catalogue_120,2,5.0,2.4857686,8.583224,9.738798,2.4620433,7.154038,0.36666666666666664,0.06990971,0.13569556014949358,0.4666666666666667,0.8666666666666667,0.4,catalogue_120,id,False,False,True,0.725328947368421
encoder,catalogue_120,5,5.222222222222222,1.1501908,9.616552,9.235187,10.465441,4.733509,0.6666666666666666,0.0504334,0.12897795062636838,0.4666666666666667,0.8666666666666667,0.4,catalogue_120,id,False,False,True,0.725328947368421
encoder,id,1,1.0833333333333333,16.933817,0.64216137,14.87374,-4.986254,13.897198,0.13333333333333333,0.0041623753,0.16350164171337572,0.4666666666666667,0.8666666666666667,0.4,id,catalogue_120,False,False,True,0.725328947368421
encoder,id,6,2.25,4.089107,4.543877,9.826277,2.057868,11.139904,0.2,0.012197411,0.12457570354635084,0.4,0.8,0.4,id,catalogue_120,False,False,True,0.725328947368421
recurrent,id,3,2.4166666666666665,3.377305,5.09363,9.467601,1.9311223,10.506639,0.13333333333333333,0.005747064,0.13290046113873435,0.4,0.8,0.4,id,catalogue_120,False,False,True,0.725328947368421
encoder,id,5,3.0,1.4512641,7.795143,10.229148,2.810643,8.7522135,0.13333333333333333,0.061450455,0.25048600294497697,0.4,0.8,0.4,id,catalogue_120,False,False,True,0.725328947368421
recurrent,id,1,2.1944444444444446,4.2686844,4.4932847,10.120151,2.3277242,11.266916,0.16666666666666666,0.01018254,0.161960285721673,0.4666666666666667,0.8666666666666667,0.4,id,catalogue_120,False,False,True,0.725328947368421
encoder,catalogue_120,3,3.9722222222222223,3.9652786,1.0936018,13.808126,2.0414667,11.485506,0.5333333333333333,0.0794446,0.14477257033128457,0.13333333333333333,0.5333333333333333,0.4,catalogue_120,id,False,False,True,0.725328947368421
encoder,id,2,0.8055555555555556,18.264807,-0.06264809,13.417312,-2.7275732,14.906169,0.06666666666666667,0.011083992,0.16898149776004473,0.13333333333333333,0.5333333333333333,0.4,id,catalogue_120,False,False,True,0.725328947368421
encoder,catalogue_120,7,3.9166666666666665,9.278438,-0.115204684,14.296581,-4.059963,13.669806,0.4666666666666667,0.034793146,0.19905699220261086,0.4,0.8,0.4,catalogue_120,id,False,False,True,0.725328947368421
encoder,catalogue_120,6,4.444444444444445,2.192169,5.192934,9.836015,1.8092126,10.249189,0.6,0.019324629,0.18132914173742573,0.13333333333333333,0.5333333333333333,0.4,catalogue_120,id,False,False,True,0.725328947368421
encoder,id,7,2.75,1.5975846,8.709417,9.537998,2.0976963,7.454241,0.13333333333333333,0.10055375,0.2137287597473653,0.13333333333333333,0.26666666666666666,0.13333333333333333,id,id,True,False,False,0.7236842105263158
encoder,id,7,2.7777777777777777,1.557848,9.125968,9.354961,2.5623531,7.02642,0.13333333333333333,0.098777056,0.2673265771902241,0.13333333333333333,0.13333333333333333,0.0,id,id,True,False,False,0.7203947368421053
recurrent,catalogue_120,4,3.4444444444444446,2.367473,4.350254,13.137823,-2.6967683,8.980806,0.6333333333333333,0.0986513,0.3207619430612957,0.13333333333333333,0.06666666666666667,-0.06666666666666667,catalogue_120,catalogue_120,True,False,False,0.7171052631578947
recurrent,id,2,2.7777777777777777,2.8912606,-3.6275432,10.610459,-0.9758179,11.921455,0.26666666666666666,0.09762018,0.1969058606210567,0.2,0.0,-0.2,id,id,True,False,False,0.7138157894736842
encoder,catalogue_120,6,5.5,1.6708766,6.7187586,9.75358,2.8801227,10.118976,0.7,0.09679497,0.1861105416479947,0.06666666666666667,0.26666666666666666,0.2,catalogue_120,catalogue_120,True,False,False,0.7105263157894737
encoder,catalogue_120,5,5.111111111111111,1.204459,8.649048,9.681178,2.4660797,7.1391964,0.6333333333333333,0.09652187,0.16547558438464152,0.5333333333333333,0.8,0.2666666666666667,id,id,True,False,False,0.7072368421052632
recurrent,catalogue_120,0,5.138888888888889,1.96111,4.2979245,12.795623,-0.23932122,9.055896,0.4666666666666667,0.09485566,0.5894078921670199,0.0,0.0,0.0,catalogue_120,catalogue_120,True,True,False,0.7006578947368421
recurrent,id,0,3.0277777777777777,2.1441355,6.577331,9.147443,1.8731183,8.042767,0.1,0.09461978,0.2592760755190091,0.6,0.3333333333333333,-0.26666666666666666,inclination_150,id,True,False,False,0.6973684210526315
encoder,catalogue_120,1,5.361111111111111,3.445357,4.1231422,13.019354,-2.9478889,9.213194,0.26666666666666666,0.09429965,0.13266958519645156,0.06666666666666667,0.0,-0.06666666666666667,catalogue_120,catalogue_120,True,False,False,0.694078947368421
encoder,catalogue_120,1,5.138888888888889,2.9327703,4.2436047,12.869708,-1.5597043,9.253832,0.7,0.09405066,0.09708977113664462,0.0,0.0,0.0,catalogue_120,catalogue_120,True,False,False,0.6907894736842105
encoder,catalogue_120,1,4.861111111111111,4.276138,5.2432933,10.861419,1.1830839,9.686409,0.6333333333333333,0.093864605,0.15985435569373022,0.0,0.0,0.0,catalogue_120,catalogue_120,True,False,False,0.6875
recurrent,id,4,3.0277777777777777,1.1446527,9.53001,9.386972,10.472848,4.8495445,0.13333333333333333,0.09105158,0.09586658645377086,0.2,0.5333333333333333,0.3333333333333333,id,catalogue_120,False,False,True,0.6842105263157895
recurrent,catalogue_120,2,5.055555555555555,2.4480784,-5.7835617,12.965504,-7.7575474,2.3364184,0.5666666666666667,0.08412324,0.18854923638635387,0.5333333333333333,0.8,0.2666666666666667,catalogue_120,inclination_150,False,False,True,0.6776315789473685
encoder,catalogue_120,5,3.7222222222222223,3.1454682,3.862099,9.688293,-0.0039908197,10.9241705,0.5666666666666667,0.08293734,0.21141545975409437,0.3333333333333333,0.6,0.26666666666666666,catalogue_120,id,False,False,True,0.6710526315789473
encoder,catalogue_120,2,2.75,5.955114,2.7526488,10.408013,1.2641273,11.35625,0.6,0.07429417,0.2867044119991343,0.26666666666666666,0.5333333333333333,0.26666666666666666,catalogue_120,id,False,False,True,0.6513157894736842
recurrent,id,7,0.4444444444444444,12.041795,-0.35068935,13.305481,-3.7811222,13.054801,0.16666666666666666,0.067863,0.44057236612334094,0.3333333333333333,0.6666666666666666,0.3333333333333333,id,catalogue_120,False,True,True,0.6447368421052632
recurrent,catalogue_120,0,1.1388888888888888,21.751749,-1.1218029,15.509814,-6.3187127,10.882861,0.4,0.007498642,0.13492888919660498,0.2,0.6,0.39999999999999997,catalogue_120,id,False,False,True,0.6414473684210527
recurrent,id,5,0.6666666666666666,16.19796,-0.009202434,12.323435,-2.1782,14.162096,0.1,0.01704135,0.2982397930338766,0.2,0.6,0.39999999999999997,id,catalogue_120,False,False,True,0.6414473684210527
recurrent,id,0,3.083333333333333,1.953064,6.6075892,9.482755,2.515458,9.737286,0.13333333333333333,0.016862452,0.22577232443887033,0.26666666666666666,0.6666666666666666,0.39999999999999997,id,catalogue_120,False,False,True,0.6414473684210527
recurrent,id,5,3.2222222222222223,1.3072046,10.761957,11.442011,3.2899277,8.485464,0.06666666666666667,0.042591255,0.5054890104848639,0.26666666666666666,0.6666666666666666,0.39999999999999997,id,catalogue_120,False,True,True,0.6414473684210527
recurrent,catalogue_120,0,1.3055555555555556,19.449247,-1.2482117,15.496558,-6.262787,10.914489,0.5,0.0066910703,0.10629364773436083,0.26666666666666666,0.6666666666666666,0.39999999999999997,catalogue_120,id,False,False,True,0.6414473684210527
encoder,catalogue_120,4,1.5833333333333333,13.733334,-0.8651574,15.24002,-5.404941,12.269932,0.7333333333333333,0.02318436,0.31082184855552863,0.3333333333333333,0.7333333333333333,0.39999999999999997,catalogue_120,id,False,False,True,0.6414473684210527
encoder,catalogue_120,4,0.0,7.99269,2.9403389,9.200269,19.724491,2.764196,0.7666666666666667,0.029476443,0.41570260997964775,0.2,0.6,0.39999999999999997,catalogue_120,id,False,True,True,0.6414473684210527
recurrent,catalogue_120,2,2.9722222222222223,5.7659016,-4.5922503,14.031536,-4.122775,13.852257,0.5333333333333333,0.06349729,0.18634077898551568,0.2,0.6,0.39999999999999997,catalogue_120,id,False,False,True,0.6414473684210527
encoder,catalogue_120,2,1.9166666666666667,10.089511,-0.05855266,15.289352,-5.4886837,12.2598095,0.6333333333333333,0.014502247,0.15137494753854083,0.2,0.6,0.39999999999999997,catalogue_120,id,False,False,True,0.6414473684210527
encoder,catalogue_120,1,4.694444444444445,5.2450876,4.751764,9.401908,0.9925526,9.70755,0.4666666666666667,0.023083901,0.16918290418340728,0.2,0.6,0.39999999999999997,catalogue_120,id,False,False,True,0.6414473684210527
encoder,id,7,2.305555555555556,5.947415,-3.812766,10.835754,-1.222336,12.064411,0.1,0.03315346,0.17682633514546633,0.3333333333333333,0.7333333333333333,0.39999999999999997,id,catalogue_120,False,False,True,0.6414473684210527
recurrent,catalogue_120,0,4.555555555555555,4.0902233,4.898643,9.416787,0.92034733,9.45919,0.5666666666666667,0.0151064275,0.19687572394942743,0.2,0.6,0.39999999999999997,catalogue_120,id,False,False,True,0.6414473684210527
encoder,catalogue_120,0,4.555555555555555,4.0902233,4.898643,9.416787,0.92034733,9.45919,0.5666666666666667,0.035079386,0.137587005904246,0.3333333333333333,0.7333333333333333,0.39999999999999997,catalogue_120,id,False,False,True,0.6414473684210527
encoder,id,1,1.25,16.10514,0.11354294,14.826027,-5.1123533,13.415444,0.1,0.0064718327,0.17973635401997096,0.26666666666666666,0.6666666666666666,0.39999999999999997,id,catalogue_120,False,False,True,0.6414473684210527
encoder,catalogue_120,1,3.638888888888889,5.390947,3.2291374,10.63092,1.5749744,12.515801,0.5666666666666667,0.028230306,0.18575919167221827,0.2,0.6,0.39999999999999997,catalogue_120,id,False,False,True,0.6414473684210527
recurrent,catalogue_120,0,5.0,2.8062682,5.8930106,9.750496,1.7816018,9.315554,0.6,0.008332845,0.10939644488595755,0.2,0.6,0.39999999999999997,catalogue_120,id,False,False,True,0.6414473684210527
recurrent,id,3,2.5,3.2887788,5.2523403,9.348974,1.8312047,10.237725,0.1,0.005284651,0.1090101738331431,0.2,0.6,0.39999999999999997,id,catalogue_120,False,False,True,0.6414473684210527
recurrent,catalogue_120,1,5.083333333333333,3.0312464,2.7703846,10.57463,1.7240809,11.670678,0.6333333333333333,0.020726442,0.2649079090269822,0.2,0.6,0.39999999999999997,catalogue_120,id,False,False,True,0.6414473684210527
encoder,id,1,1.5833333333333333,7.0649066,-0.9385574,15.664371,-4.5634236,9.611555,0.2,0.05190452,0.11200924876991912,0.2,0.6,0.39999999999999997,id,catalogue_120,False,False,True,0.6414473684210527
encoder,catalogue_120,5,2.1666666666666665,9.68867,0.24456201,14.157409,-3.9079373,14.6025,0.7333333333333333,0.029572953,0.23086762894448765,0.26666666666666666,0.6666666666666666,0.39999999999999997,catalogue_120,id,False,False,True,0.6414473684210527
recurrent,id,6,2.305555555555556,3.4066594,5.0663543,9.409836,1.7266296,9.710438,0.16666666666666666,0.0056625684,0.1472319958649395,0.26666666666666666,0.6666666666666666,0.39999999999999997,id,catalogue_120,False,False,True,0.6414473684210527
encoder,id,7,1.5555555555555556,10.421099,-0.7596263,15.579548,-5.7101235,10.73407,0.16666666666666666,0.02029905,0.158080132189413,0.26666666666666666,0.6666666666666666,0.39999999999999997,id,catalogue_120,False,False,True,0.6414473684210527
recurrent,id,6,2.2222222222222223,4.0554338,4.513229,9.779619,1.9963253,11.060998,0.13333333333333333,0.0043605804,0.1631828490286514,0.3333333333333333,0.7333333333333333,0.39999999999999997,id,catalogue_120,False,False,True,0.6414473684210527
recurrent,catalogue_120,4,4.583333333333333,3.221172,6.7542,9.982364,2.4113483,9.425048,0.4,0.003765885,0.1535553263076041,0.2,0.6,0.39999999999999997,catalogue_120,id,False,False,True,0.6414473684210527
recurrent,catalogue_120,6,4.527777777777778,2.0373433,6.0725107,10.028463,1.8482051,9.279078,0.8333333333333334,0.009805644,0.10111202464587701,0.26666666666666666,0.6666666666666666,0.39999999999999997,catalogue_120,id,False,False,True,0.6414473684210527
recurrent,id,1,0.0277777777777777,7.6848373,3.622457,12.313731,-1.5926815,9.285793,0.16666666666666666,0.06369928,0.12344059286815728,0.4666666666666667,0.8,0.33333333333333337,id,catalogue_120,False,False,True,0.6348684210526315
recurrent,catalogue_120,6,3.9722222222222223,3.0246549,2.2089744,9.882906,0.07906721,11.154814,0.7,0.05452677,0.15803073344941324,0.4,0.6666666666666666,0.2666666666666666,catalogue_120,id,False,False,True,0.618421052631579
encoder,catalogue_120,6,2.138888888888889,7.7102947,-5.1706004,11.99444,-5.597843,3.086979,0.4666666666666667,0.054138053,0.3743983109764217,0.26666666666666666,0.6,0.3333333333333333,catalogue_120,inclination_150,False,True,True,0.6151315789473685
encoder,catalogue_120,6,4.888888888888889,1.7076529,8.251528,9.893853,2.1575828,7.4211545,0.5333333333333333,0.052514017,0.1868077867424531,0.4,0.7333333333333333,0.33333333333333326,catalogue_120,id,False,False,True,0.6118421052631579
encoder,catalogue_120,6,4.861111111111111,1.698012,8.250338,9.900407,2.1259825,7.443885,0.5,0.05178428,0.18997162346315705,0.4,0.6666666666666666,0.2666666666666666,catalogue_120,id,False,False,True,0.6052631578947368
encoder,inclination_150,4,3.1944444444444446,6.882766,-3.9218483,11.144686,-1.1732842,12.342611,0.23333333333333334,0.05049597,0.2059117202964301,0.5333333333333333,0.8,0.2666666666666667,inclination_150,catalogue_120,False,False,True,0.6019736842105263
encoder,id,3,2.1666666666666665,3.6615438,4.7051115,9.241888,0.49912408,9.673955,0.03333333333333333,0.04867186,0.19608150082617612,0.26666666666666666,0.5333333333333333,0.26666666666666666,id,catalogue_120,False,False,True,0.5953947368421053
recurrent,catalogue_120,3,3.25,7.2546344,-4.278928,12.047221,-5.515131,3.3164644,0.5666666666666667,0.048301663,0.08598490066019006,0.4666666666666667,0.7333333333333333,0.2666666666666666,catalogue_120,inclination_150,False,False,True,0.5921052631578947
encoder,catalogue_120,0,3.861111111111111,4.3637443,0.5485308,14.261639,-2.5173128,15.135043,0.6,0.048162498,0.3253834270414325,0.3333333333333333,0.6,0.26666666666666666,catalogue_120,id,False,False,True,0.5888157894736842
encoder,inclination_150,6,2.9444444444444446,5.32329,-3.967592,10.944498,-1.2626591,12.05505,0.26666666666666666,0.04664961,0.17471600622595357,0.4666666666666667,0.8,0.33333333333333337,inclination_150,catalogue_120,False,False,True,0.5855263157894737
recurrent,catalogue_120,1,3.888888888888889,4.8815966,1.4892241,13.939916,-2.685311,15.009146,0.5666666666666667,0.04612396,0.2247002331804298,0.2,0.5333333333333333,0.3333333333333333,catalogue_120,id,False,False,True,0.5822368421052632
encoder,id,5,1.0833333333333333,22.273476,0.91458833,14.567402,-3.7794435,15.112427,0.16666666666666666,0.009005181,0.23357223422460913,0.4666666666666667,0.8,0.33333333333333337,id,catalogue_120,False,False,True,0.5789473684210527
encoder,catalogue_120,3,1.7777777777777777,11.7686205,0.57763267,13.3894005,-0.016407505,14.837921,0.4666666666666667,0.043294113,0.16250020464253562,0.4666666666666667,0.8,0.33333333333333337,catalogue_120,id,False,False,True,0.5789473684210527
encoder,id,1,1.5555555555555556,6.9675717,-0.9755234,15.806122,-4.926779,9.643322,0.2,0.038010415,0.12091226322739893,0.4666666666666667,0.8,0.33333333333333337,id,catalogue_120,False,False,True,0.5789473684210527
encoder,id,1,2.2777777777777777,3.7229187,4.759347,9.823412,1.8344134,10.306336,0.16666666666666666,0.021117281,0.19841229890674436,0.4666666666666667,0.8,0.33333333333333337,id,catalogue_120,False,False,True,0.5789473684210527
encoder,id,6,2.2777777777777777,4.1197066,4.535837,9.833686,1.9963622,11.163749,0.2,0.012685871,0.12641160551426914,0.4666666666666667,0.8,0.33333333333333337,id,catalogue_120,False,False,True,0.5789473684210527
recurrent,catalogue_120,2,2.9166666666666665,5.828231,-3.846575,11.163159,-1.2603238,12.298459,0.5666666666666667,0.046056464,0.1604880365874582,0.4666666666666667,0.7333333333333333,0.2666666666666666,catalogue_120,id,False,False,True,0.5789473684210527
encoder,catalogue_120,1,1.5277777777777777,16.990705,-5.9151926,2.3989835,-5.5846267,3.3544414,0.6666666666666666,0.0342017,0.09754486757556836,0.4666666666666667,0.8,0.33333333333333337,catalogue_120,inclination_150,False,False,True,0.5789473684210527
encoder,catalogue_120,2,1.3333333333333333,20.900623,-0.488236,14.483141,-3.6603978,13.699737,0.5666666666666667,0.022431802,0.3985946581181631,0.4666666666666667,0.8,0.33333333333333337,catalogue_120,id,False,True,True,0.5789473684210527
recurrent,catalogue_120,3,1.7777777777777777,11.7686205,0.57763267,13.3894005,-0.016407505,14.837921,0.4666666666666667,0.04450344,0.12249433901952139,0.3333333333333333,0.6666666666666666,0.3333333333333333,catalogue_120,id,False,False,True,0.5756578947368421
encoder,id,3,2.1944444444444446,3.679952,4.69252,9.238788,0.52462476,9.626327,0.03333333333333333,0.04364143,0.20227575227370317,0.26666666666666666,0.5333333333333333,0.26666666666666666,id,catalogue_120,False,False,True,0.5723684210526315
recurrent,catalogue_120,2,3.6944444444444446,2.5334518,1.433197,13.935527,-2.6211832,15.085031,0.5666666666666667,0.042070463,0.16846453570679326,0.3333333333333333,0.6666666666666666,0.3333333333333333,catalogue_120,id,False,False,True,0.5625
encoder,catalogue_120,0,2.083333333333333,10.033163,-0.3340253,13.714223,-3.6857996,13.136484,0.5333333333333333,0.04085722,0.25721866275095745,0.4,0.6666666666666666,0.2666666666666666,catalogue_120,id,False,False,True,0.5526315789473685
recurrent,id,5,3.888888888888889,1.2649364,10.767407,11.465191,3.2306385,8.691863,0.1,0.04034092,0.4174807768453145,0.4,0.6666666666666666,0.2666666666666666,id,catalogue_120,False,True,True,0.5493421052631579
encoder,catalogue_120,7,3.8333333333333335,9.448572,-0.28140134,12.479959,0.5963413,13.919062,0.6666666666666666,0.039554156,0.20870565167605296,0.3333333333333333,0.6666666666666666,0.3333333333333333,catalogue_120,id,False,False,True,0.5427631578947368
encoder,catalogue_120,5,4.916666666666667,2.2053196,4.8997474,9.994896,1.9999795,10.328845,0.4,0.035650387,0.17773733339930806,0.2,0.5333333333333333,0.3333333333333333,catalogue_120,id,False,False,True,0.5328947368421053
encoder,catalogue_120,0,4.527777777777778,4.0974536,4.913034,9.363963,0.9054355,9.546672,0.5666666666666667,0.033920832,0.1458816631764262,0.4666666666666667,0.7333333333333333,0.2666666666666666,catalogue_120,id,False,False,True,0.5131578947368421
encoder,id,7,1.3888888888888888,11.656547,0.048396524,15.051439,-5.3238792,12.610363,0.23333333333333334,0.009908501,0.21874603627236627,0.3333333333333333,0.6666666666666666,0.3333333333333333,id,catalogue_120,False,False,True,0.5115131578947368
recurrent,catalogue_120,5,4.777777777777778,2.3870218,6.092131,9.59124,1.9992476,9.499866,0.5,0.003964639,0.07940473367272312,0.3333333333333333,0.6666666666666666,0.3333333333333333,catalogue_120,id,False,False,True,0.5115131578947368
recurrent,catalogue_120,4,3.5277777777777777,2.5396185,6.0080733,9.7376,1.5566416,9.161522,0.43333333333333335,0.007827452,0.19603541446891531,0.3333333333333333,0.6666666666666666,0.3333333333333333,catalogue_120,id,False,False,True,0.5115131578947368
recurrent,catalogue_120,5,1.7222222222222223,15.5098715,-1.2638055,15.682845,-6.3033247,10.884,0.5333333333333333,0.0071762004,0.12660415279283227,0.3333333333333333,0.6666666666666666,0.3333333333333333,catalogue_120,id,False,False,True,0.5115131578947368
encoder,catalogue_120,0,2.111111111111111,10.052677,0.15684691,13.942601,-2.410342,15.109891,0.5666666666666667,0.027314771,0.24910863421835855,0.2,0.5333333333333333,0.3333333333333333,catalogue_120,id,False,False,True,0.5115131578947368
recurrent,catalogue_120,5,1.6388888888888888,16.905333,1.2867187,14.165113,-3.132922,15.709396,0.5333333333333333,0.0079504335,0.2212777167931967,0.26666666666666666,0.6,0.3333333333333333,catalogue_120,id,False,False,True,0.5115131578947368
encoder,id,6,2.1666666666666665,4.546194,4.0612864,9.624305,1.2200518,10.951162,0.1,0.022974687,0.13210686851405146,0.26666666666666666,0.6,0.3333333333333333,id,catalogue_120,False,False,True,0.5115131578947368
recurrent,catalogue_120,7,5.388888888888889,4.4181385,2.9293594,10.479879,1.315991,11.157911,0.6333333333333333,0.01804153,0.11726314908730417,0.2,0.5333333333333333,0.3333333333333333,catalogue_120,id,False,False,True,0.5115131578947368
recurrent,catalogue_120,6,5.027777777777778,1.6456113,16.04436,7.4350586,11.222876,5.906565,0.6333333333333333,0.014140801,0.17860232758022077,0.2,0.5333333333333333,0.3333333333333333,catalogue_120,id,False,False,True,0.5115131578947368
recurrent,id,3,2.5277777777777777,3.2913446,5.209226,9.382886,1.8744401,10.277496,0.06666666666666667,0.0056568105,0.0963531418622974,0.26666666666666666,0.6,0.3333333333333333,id,catalogue_120,False,False,True,0.5115131578947368
recurrent,id,3,0.1666666666666666,7.7301908,1.847582,9.235823,1.3224816,11.259511,0.23333333333333334,0.0036424596,0.12117556176688303,0.26666666666666666,0.6,0.3333333333333333,id,catalogue_120,False,False,True,0.5115131578947368
recurrent,id,6,0.0555555555555555,7.651545,1.6116377,9.302407,0.42771184,10.895989,0.23333333333333334,0.010519445,0.18558512600354177,0.3333333333333333,0.6666666666666666,0.3333333333333333,id,catalogue_120,False,False,True,0.5115131578947368
recurrent,id,5,0.4444444444444444,11.251316,-0.30287835,11.630751,0.4859895,13.573067,0.13333333333333333,0.012265706,0.3570885218550942,0.2,0.5333333333333333,0.3333333333333333,id,catalogue_120,False,False,True,0.5115131578947368
recurrent,id,6,0.1666666666666666,7.4461064,1.4802992,9.438874,0.29004624,11.080024,0.16666666666666666,0.009312507,0.1550496664598113,0.2,0.5333333333333333,0.3333333333333333,id,catalogue_120,False,False,True,0.5115131578947368
encoder,catalogue_120,4,1.805555555555556,12.072597,-0.02851731,13.618916,-2.5296757,14.778214,0.6666666666666666,0.02928563,0.21035403495084892,0.26666666666666666,0.6,0.3333333333333333,catalogue_120,id,False,False,True,0.5115131578947368
recurrent,id,4,1.3888888888888888,16.527922,0.48935205,13.367236,-2.5016441,15.436138,0.13333333333333333,0.008843029,0.14346963687369918,0.3333333333333333,0.6666666666666666,0.3333333333333333,id,catalogue_120,False,False,True,0.5115131578947368
recurrent,id,6,2.1944444444444446,4.591023,3.9870224,9.941786,1.8753229,11.328475,0.1,0.00521822,0.21993471369490933,0.3333333333333333,0.6666666666666666,0.3333333333333333,id,catalogue_120,False,False,True,0.5115131578947368
recurrent,catalogue_120,3,3.0277777777777777,8.802418,-4.564193,12.559194,-6.0622945,10.909581,0.26666666666666666,0.028314097,0.11230880349090541,0.2,0.5333333333333333,0.3333333333333333,catalogue_120,id,False,False,True,0.5115131578947368
recurrent,catalogue_120,1,3.611111111111111,5.4038177,3.0822737,10.585866,1.4027827,12.639841,0.5333333333333333,0.011191527,0.23919387968833986,0.26666666666666666,0.6,0.3333333333333333,catalogue_120,id,False,False,True,0.5115131578947368
recurrent,id,4,2.083333333333333,4.7894893,4.0877166,9.752267,1.4613277,11.252038,0.1,0.0060368697,0.1310024658457221,0.3333333333333333,0.6666666666666666,0.3333333333333333,id,catalogue_120,False,False,True,0.5115131578947368
recurrent,id,5,0.5,12.671052,0.59931517,13.865474,-3.5549738,14.939402,0.1,0.010863511,0.2973162246989815,0.3333333333333333,0.6666666666666666,0.3333333333333333,id,catalogue_120,False,False,True,0.5115131578947368
recurrent,id,6,0.8055555555555556,20.674946,0.28083783,14.540201,-4.741324,13.905371,0.1,0.011228514,0.2758795104671409,0.3333333333333333,0.6666666666666666,0.3333333333333333,id,catalogue_120,False,False,True,0.5115131578947368
recurrent,id,6,0.5,15.452512,-0.23886587,13.230223,-3.387002,13.485122,0.1,0.030858032,0.13828308677483578,0.4666666666666667,0.7333333333333333,0.2666666666666666,id,catalogue_120,False,False,True,0.5032894736842105
recurrent,id,4,1.5833333333333333,8.198123,0.3423583,14.642591,-4.116358,14.084987,0.26666666666666666,0.030392332,0.29465397396509263,0.4,0.7333333333333333,0.33333333333333326,id,catalogue_120,False,False,True,0.4967105263157895
encoder,catalogue_120,5,1.75,15.581088,-0.2979229,13.57809,-3.5224142,13.494359,0.5666666666666667,0.028907223,0.1837842387664531,0.4666666666666667,0.7333333333333333,0.2666666666666666,catalogue_120,id,False,False,True,0.48026315789473684
encoder,catalogue_120,5,2.1944444444444446,9.862001,0.6995654,13.699187,-2.4700017,15.474567,0.8,0.026877971,0.09007494365686024,0.4,0.7333333333333333,0.33333333333333326,catalogue_120,id,False,False,True,0.4605263157894737
encoder,catalogue_120,3,2.0,9.846598,-0.17539074,13.369198,-3.2912836,13.591428,0.6,0.026283422,0.16448621480082584,0.4,0.7333333333333333,0.33333333333333326,catalogue_120,id,False,False,True,0.45723684210526316
recurrent,id,3,2.4444444444444446,3.4111474,5.1115437,9.468809,1.9625212,10.462772,0.13333333333333333,0.0047613303,0.12529399953657266,0.4,0.7333333333333333,0.33333333333333326,id,catalogue_120,False,False,True,0.45230263157894735
recurrent,catalogue_120,1,4.638888888888889,5.2913156,5.798633,9.682698,1.8346461,9.384676,0.6,0.0053357165,0.11040042311325023,0.4,0.7333333333333333,0.33333333333333326,catalogue_120,id,False,False,True,0.45230263157894735
encoder,id,1,2.1944444444444446,4.2686844,4.4932847,10.120151,2.3277242,11.266916,0.16666666666666666,0.021674383,0.23304319566873807,0.4666666666666667,0.7333333333333333,0.2666666666666666,id,catalogue_120,False,False,True,0.41776315789473684
encoder,catalogue_120,0,3.888888888888889,4.442337,3.1907823,10.569536,1.4362402,12.615896,0.6,0.020416733,0.14124853247679459,0.26666666666666666,0.5333333333333333,0.26666666666666666,catalogue_120,id,False,False,True,0.40789473684210525
recurrent,catalogue_120,6,5.055555555555555,1.6533413,16.04296,7.444436,11.215358,5.8926196,0.6,0.020214899,0.17669040511444295,0.26666666666666666,0.5333333333333333,0.26666666666666666,catalogue_120,id,False,False,True,0.40131578947368424
recurrent,id,7,1.5833333333333333,10.406268,-0.5201979,15.317331,-5.5567484,11.3046,0.1,0.020176478,0.27007625948451514,0.26666666666666666,0.5333333333333333,0.26666666666666666,id,catalogue_120,False,False,True,0.3980263157894737
recurrent,id,7,1.1388888888888888,19.327923,-0.31991762,13.577015,-3.5396323,13.459364,0.13333333333333333,0.019340659,0.12970167784109432,0.4666666666666667,0.7333333333333333,0.2666666666666666,id,catalogue_120,False,False,True,0.39473684210526316
encoder,id,1,2.2222222222222223,4.245834,4.5611844,10.1097,2.3141043,11.276482,0.16666666666666666,0.019329559,0.23317865423073933,0.4666666666666667,0.7333333333333333,0.2666666666666666,id,catalogue_120,False,False,True,0.39144736842105265
encoder,id,3,1.8333333333333333,6.540309,3.7221432,10.431775,1.6643287,12.452908,0.23333333333333334,0.015386732,0.20787448814727258,0.3333333333333333,0.6,0.26666666666666666,id,catalogue_120,False,False,True,0.38980263157894735
encoder,id,1,1.3333333333333333,15.108197,0.14533864,15.252294,-5.617435,12.603521,0.13333333333333333,0.005626567,0.15069982914540989,0.3333333333333333,0.6,0.26666666666666666,id,catalogue_120,False,False,True,0.38980263157894735
recurrent,id,6,1.4166666666666667,9.843234,0.7645639,13.547566,-2.6056402,15.286439,0.2,0.010438672,0.13725438769496018,0.26666666666666666,0.5333333333333333,0.26666666666666666,id,catalogue_120,False,False,True,0.38980263157894735
recurrent,catalogue_120,5,4.916666666666667,2.2053196,4.8997474,9.994896,1.9999795,10.328845,0.4,0.008637539,0.1308010338654789,0.3333333333333333,0.6,0.26666666666666666,catalogue_120,id,False,False,True,0.38980263157894735
encoder,id,3,2.75,2.8254848,6.010537,9.422698,1.8912039,9.462539,0.13333333333333333,0.015621964,0.13398395898059332,0.26666666666666666,0.5333333333333333,0.26666666666666666,id,catalogue_120,False,False,True,0.38980263157894735
recurrent,catalogue_120,1,4.666666666666667,5.262506,5.796591,9.736358,1.6842308,9.289703,0.5666666666666667,0.006841338,0.1358628695858523,0.3333333333333333,0.6,0.26666666666666666,catalogue_120,id,False,False,True,0.38980263157894735
encoder,catalogue_120,4,0.8333333333333334,21.341896,1.0609671,14.005897,-3.5959477,15.405829,0.5666666666666667,0.0022156597,0.1057449754325524,0.26666666666666666,0.5333333333333333,0.26666666666666666,catalogue_120,id,False,False,True,0.38980263157894735
encoder,catalogue_120,6,1.6944444444444444,11.568152,-0.17966256,15.251172,-5.418391,12.405199,0.5666666666666667,0.012350873,0.15273455473358385,0.3333333333333333,0.6,0.26666666666666666,catalogue_120,id,False,False,True,0.38980263157894735
recurrent,catalogue_120,3,5.333333333333333,1.2771214,6.9851904,9.626625,1.4824631,8.667277,0.43333333333333335,0.013420836,0.1425652104721503,0.3333333333333333,0.6,0.26666666666666666,catalogue_120,id,False,False,True,0.38980263157894735
recurrent,catalogue_120,6,4.444444444444445,2.192169,5.192934,9.836015,1.8092126,10.249189,0.6,0.0047703744,0.10341482510422845,0.26666666666666666,0.5333333333333333,0.26666666666666666,catalogue_120,id,False,False,True,0.38980263157894735
encoder,catalogue_120,3,3.75,4.198569,3.574204,10.530323,1.6477002,12.461779,0.36666666666666664,0.016410302,0.20120200683331016,0.26666666666666666,0.5333333333333333,0.26666666666666666,catalogue_120,id,False,False,True,0.38980263157894735
recurrent,catalogue_120,3,5.361111111111111,1.2916023,6.8570843,9.46051,1.4100933,8.678086,0.43333333333333335,0.010346039,0.10187047976241967,0.3333333333333333,0.6,0.26666666666666666,catalogue_120,id,False,False,True,0.38980263157894735
recurrent,id,7,2.4722222222222223,2.5077238,7.6899977,9.34809,1.2503188,8.623715,0.13333333333333333,0.0104086045,0.12998138154775185,0.26666666666666666,0.5333333333333333,0.26666666666666666,id,catalogue_120,False,False,True,0.38980263157894735
encoder,catalogue_120,6,4.388888888888889,2.303008,4.9267254,9.907826,1.7274791,10.381209,0.5333333333333333,0.018162822,0.15793560399968715,0.3333333333333333,0.6,0.26666666666666666,catalogue_120,id,False,False,True,0.38980263157894735
recurrent,id,3,3.055555555555556,1.741115,6.9199452,9.625627,2.538375,9.44455,0.16666666666666666,0.010768378,0.12624046331831323,0.3333333333333333,0.6,0.26666666666666666,id,catalogue_120,False,False,True,0.38980263157894735
recurrent,id,3,2.305555555555556,3.6546924,4.9637055,9.516096,1.8038648,10.25132,0.1,0.0061880033,0.10358624469274326,0.26666666666666666,0.5333333333333333,0.26666666666666666,id,catalogue_120,False,False,True,0.38980263157894735
encoder,id,7,2.1666666666666665,6.44596,-3.514354,10.882265,-0.46012017,12.869305,0.16666666666666666,0.01803441,0.1872678672046072,0.4,0.6666666666666666,0.2666666666666666,id,catalogue_120,False,False,True,0.3717105263157895
recurrent,id,4,0.4722222222222222,13.204883,0.5137334,13.935326,-3.8667026,14.67459,0.13333333333333333,0.014756326,0.2214678352822452,0.4666666666666667,0.7333333333333333,0.2666666666666666,id,catalogue_120,False,False,True,0.3190789473684211
recurrent,id,0,1.1388888888888888,21.102232,0.40991712,11.7597885,-2.2252247,13.86187,0.1,0.012628981,0.20282153839028969,0.4666666666666667,0.7333333333333333,0.2666666666666666,id,catalogue_120,False,False,True,0.31085526315789475
recurrent,catalogue_120,0,4.972222222222222,2.7998462,5.8926287,9.708937,1.9606687,9.489122,0.5666666666666667,0.0070174774,0.0753992804360226,0.4666666666666667,0.7333333333333333,0.2666666666666666,catalogue_120,id,False,False,True,0.31085526315789475
encoder,catalogue_120,1,4.416666666666667,5.5669723,3.8960588,9.403987,0.26922053,11.130888,0.4,0.014090677,0.05055068100730027,0.4666666666666667,0.7333333333333333,0.2666666666666666,catalogue_120,id,False,False,True,0.31085526315789475
recurrent,id,3,0.1944444444444444,7.744185,1.8959647,9.210184,1.3645674,11.296452,0.23333333333333334,0.004135557,0.12531807828117464,0.4,0.6666666666666666,0.2666666666666666,id,catalogue_120,False,False,True,0.31085526315789475
recurrent,catalogue_120,4,4.388888888888889,3.4990969,6.0669255,9.512111,1.8512561,9.27028,0.6333333333333333,0.0041247527,0.10289986247820081,0.4,0.6666666666666666,0.2666666666666666,catalogue_120,id,False,False,True,0.31085526315789475
encoder,id,4,1.1944444444444444,19.686848,-0.49660316,15.50212,-6.18275,11.599727,0.16666666666666666,0.009381215,0.20243063134438177,0.4666666666666667,0.7333333333333333,0.2666666666666666,id,catalogue_120,False,False,True,0.31085526315789475
encoder,catalogue_120,1,4.388888888888889,5.5269337,3.892817,9.406715,0.3572077,11.248832,0.4,0.011472992,0.0495158289729318,0.4666666666666667,0.7333333333333333,0.2666666666666666,catalogue_120,id,False,False,True,0.31085526315789475
recurrent,id,1,2.1666666666666665,4.935362,4.067188,9.77741,1.3676431,11.101086,0.13333333333333333,0.010655002,0.10986144960722384,0.4,0.6666666666666666,0.2666666666666666,id,catalogue_120,False,False,True,0.31085526315789475
recurrent,id,1,1.1111111111111112,17.341082,0.42137244,14.583113,-4.6879935,14.081814,0.1,0.009293369,0.1916727290488679,0.4666666666666667,0.7333333333333333,0.2666666666666666,id,catalogue_120,False,False,True,0.31085526315789475
recurrent,id,7,2.4166666666666665,2.5174403,7.6339417,9.290623,1.3730109,8.800945,0.1,0.008024533,0.1505081196930741,0.4,0.6666666666666666,0.2666666666666666,id,catalogue_120,False,False,True,0.31085526315789475
