scenario,head,normalized_rank,attention_mean,ci95,n_samples
id_2000_k60,1,0.0,1.0041465184877854,0.00030723303297989135,3552
id_2000_k60,1,0.01694915254237288,1.0034495071583502,0.00030391308723380265,3552
id_2000_k60,1,0.03389830508474576,1.0029314958935116,0.00030507596615281235,3552
id_2000_k60,1,0.05084745762711865,1.003003181050624,0.0003051597850504424,3552
id_2000_k60,1,0.06779661016949153,1.0023735941530347,0.0003071759561098885,3552
id_2000_k60,1,0.0847457627118644,1.0024409935314644,0.00029798193030057595,3552
id_2000_k60,1,0.1016949152542373,1.0020213323301292,0.00029790002609392886,3552
id_2000_k60,1,0.11864406779661017,1.0017471963724307,0.0003054719282586876,3552
id_2000_k60,1,0.13559322033898305,1.0017144676163658,0.00030262675523353127,3552
id_2000_k60,1,0.15254237288135594,1.0014946891313738,0.0003022135014450512,3552
id_2000_k60,1,0.1694915254237288,1.001276010899125,0.0003074357840988147,3552
id_2000_k60,1,0.1864406779661017,1.0013300118347008,0.0003051553060666107,3552
id_2000_k60,1,0.2033898305084746,1.0008222478701994,0.00030164574666444356,3552
id_2000_k60,1,0.22033898305084745,1.001168182606364,0.00030387927038625224,3552
id_2000_k60,1,0.23728813559322035,1.0008019117789495,0.000310557463848579,3552
id_2000_k60,1,0.2542372881355932,1.000631144589132,0.00030293673982316173,3552
id_2000_k60,1,0.2711864406779661,1.0005424026030678,0.00030580292238634334,3552
id_2000_k60,1,0.288135593220339,1.0004023773478226,0.0003104245252029277,3552
id_2000_k60,1,0.3050847457627119,1.000296689653853,0.0003084814627659796,3552
id_2000_k60,1,0.3220338983050847,1.000538719532726,0.00031133422783217616,3552
id_2000_k60,1,0.3389830508474576,1.0002262783446558,0.00030955113862406804,3552
id_2000_k60,1,0.3559322033898305,1.000153993650734,0.00030968769953311254,3552
id_2000_k60,1,0.3728813559322034,1.000187594913416,0.00030320679815907956,3552
id_2000_k60,1,0.3898305084745763,0.9998861317363408,0.00031270589551525785,3552
id_2000_k60,1,0.4067796610169492,0.9998157948322661,0.0003059442809320659,3552
id_2000_k60,1,0.423728813559322,0.9999298432019649,0.0003085133948171055,3552
id_2000_k60,1,0.4406779661016949,0.9998851319825327,0.0003184270222494222,3552
id_2000_k60,1,0.4576271186440678,0.999428443577107,0.0003147125134129672,3552
id_2000_k60,1,0.4745762711864407,0.9998345081736376,0.0003086433417662558,3552
id_2000_k60,1,0.4915254237288136,0.9996762705446632,0.00030990876128138576,3552
id_2000_k60,1,0.5084745762711864,0.9996047542841585,0.00031420595844957656,3552
id_2000_k60,1,0.5254237288135594,0.9995796314969256,0.000318828783264579,3552
id_2000_k60,1,0.5423728813559322,0.9996319248064144,0.0003138894206550344,3552
id_2000_k60,1,0.559322033898305,0.9991303877821108,0.00031619908589656636,3552
id_2000_k60,1,0.576271186440678,0.9990969623464185,0.00031182166181493873,3552
id_2000_k60,1,0.5932203389830508,0.9990999667091413,0.0003193307601277598,3552
id_2000_k60,1,0.6101694915254238,0.9993485365029391,0.0003186657372709462,3552
id_2000_k60,1,0.6271186440677966,0.9993817265908997,0.00031365874311387265,3552
id_2000_k60,1,0.6440677966101694,0.9991684002248017,0.0003192188280399546,3552
id_2000_k60,1,0.6610169491525424,0.9989552240617372,0.0003158747663334442,3552
id_2000_k60,1,0.6779661016949152,0.99895857608466,0.00031863996435082387,3552
id_2000_k60,1,0.6949152542372882,0.9991665075927436,0.000311504160687689,3552
id_2000_k60,1,0.711864406779661,0.9990997671544015,0.0003238961848761596,3552
id_2000_k60,1,0.7288135593220338,0.9988808024439726,0.0003264176036865412,3552
id_2000_k60,1,0.7457627118644068,0.9989596061106469,0.0003180366297151167,3552
id_2000_k60,1,0.7627118644067796,0.9989718652691122,0.00032725218550979946,3552
id_2000_k60,1,0.7796610169491526,0.9989574910854703,0.0003250400174602226,3552
id_2000_k60,1,0.7966101694915254,0.9989219253194762,0.000327347261628397,3552
id_2000_k60,1,0.8135593220338984,0.9989150033609288,0.0003282320065133935,3552
id_2000_k60,1,0.8305084745762712,0.9984563285031834,0.0003226792324444115,3552
id_2000_k60,1,0.847457627118644,0.9985275934072765,0.0003305023024607473,3552
id_2000_k60,1,0.864406779661017,0.9990661206176957,0.00032144838312733195,3552
id_2000_k60,1,0.8813559322033898,0.998796457256954,0.00032983449764838917,3552
id_2000_k60,1,0.8983050847457628,0.9988329785599096,0.0003298089218194064,3552
id_2000_k60,1,0.9152542372881356,0.9988112272275192,0.0003266457594887879,3552
id_2000_k60,1,0.9322033898305084,0.998734666084921,0.0003370586301134787,3552
id_2000_k60,1,0.9491525423728814,0.9982649194630416,0.000336524602145781,3552
id_2000_k60,1,0.9661016949152542,0.9982371932180883,0.00033239184297900525,3552
id_2000_k60,1,0.9830508474576272,0.9983617363682201,0.00033947588658729083,3552
id_2000_k60,1,1.0,0.9979251014353993,0.00032911437889767255,3552
id_2000_k60,2,0.0,1.0001425622618414,0.001062023842518202,3552
id_2000_k60,2,0.01694915254237288,0.9990606653999101,0.0010312838380382536,3552
id_2000_k60,2,0.03389830508474576,0.9976887379244372,0.0010394908356993744,3552
id_2000_k60,2,0.05084745762711865,0.9975476962858224,0.0010276711269153012,3552
id_2000_k60,2,0.06779661016949153,0.9982348085960021,0.0010177676408435828,3552
id_2000_k60,2,0.0847457627118644,0.9979892787062101,0.0010156697180881463,3552
id_2000_k60,2,0.1016949152542373,0.9976621068477094,0.0010053903077885341,3552
id_2000_k60,2,0.11864406779661017,0.9981391002331768,0.0009835857267370257,3552
id_2000_k60,2,0.13559322033898305,0.9976494767879313,0.0010067618325281923,3552
id_2000_k60,2,0.15254237288135594,0.9980284585239919,0.001008721059377665,3552
id_2000_k60,2,0.1694915254237288,0.9975879053409035,0.0009830952556174038,3552
id_2000_k60,2,0.1864406779661017,0.9975867499639323,0.0009898953049794655,3552
id_2000_k60,2,0.2033898305084746,0.9986391898815159,0.0010077980668053246,3552
id_2000_k60,2,0.22033898305084745,0.9981159761816532,0.0009796748998380002,3552
id_2000_k60,2,0.23728813559322035,0.999500966085507,0.0009962575908849874,3552
id_2000_k60,2,0.2542372881355932,0.999475193117653,0.0009921680375110664,3552
id_2000_k60,2,0.2711864406779661,0.9993612448441552,0.0009906158342480134,3552
id_2000_k60,2,0.288135593220339,0.9992664464925592,0.001000209215834721,3552
id_2000_k60,2,0.3050847457627119,0.9995300039179154,0.0009885034578098436,3552
id_2000_k60,2,0.3220338983050847,0.999261696529281,0.0009980745927132733,3552
id_2000_k60,2,0.3389830508474576,0.9989699246781366,0.0009851313561460805,3552
id_2000_k60,2,0.3559322033898305,1.0006165935884457,0.0009892461182899137,3552
id_2000_k60,2,0.3728813559322034,1.0002149534285874,0.0009593015594537849,3552
id_2000_k60,2,0.3898305084745763,0.9995470551085902,0.0009914325164613181,3552
id_2000_k60,2,0.4067796610169492,1.0006539704999677,0.0009811421578856847,3552
id_2000_k60,2,0.423728813559322,0.9994438738805486,0.000973700167377019,3552
id_2000_k60,2,0.4406779661016949,0.9996549874242093,0.0009850161515066482,3552
id_2000_k60,2,0.4576271186440678,0.9997790688732723,0.0009798226608680562,3552
id_2000_k60,2,0.4745762711864407,1.000649944719699,0.0010122820286330514,3552
id_2000_k60,2,0.4915254237288136,0.9994616665885793,0.0009841554991088975,3552
id_2000_k60,2,0.5084745762711864,1.0004937994117673,0.0009934819051081645,3552
id_2000_k60,2,0.5254237288135594,0.999909892711822,0.0009907113439528634,3552
id_2000_k60,2,0.5423728813559322,0.9997153653519916,0.0009877950684539598,3552
id_2000_k60,2,0.559322033898305,1.000998321316532,0.0009808225826040474,3552
id_2000_k60,2,0.576271186440678,1.0005121001688477,0.0009997248708946596,3552
id_2000_k60,2,0.5932203389830508,1.0014818898393765,0.0009983203808462712,3552
id_2000_k60,2,0.6101694915254238,1.0006479531828616,0.0009944412920370703,3552
id_2000_k60,2,0.6271186440677966,1.000578390652532,0.0009827237000597628,3552
id_2000_k60,2,0.6440677966101694,1.0017252330508855,0.001025245192363778,3552
id_2000_k60,2,0.6610169491525424,1.0008025817606632,0.0009874758636765062,3552
id_2000_k60,2,0.6779661016949152,1.0019431499646858,0.0010059777120832126,3552
id_2000_k60,2,0.6949152542372882,1.0010544364382554,0.0010108046740368087,3552
id_2000_k60,2,0.711864406779661,1.0011121524615332,0.000993548158321312,3552
id_2000_k60,2,0.7288135593220338,1.0008769480024908,0.0010027513048429548,3552
id_2000_k60,2,0.7457627118644068,1.00125944574137,0.0009992423941170185,3552
id_2000_k60,2,0.7627118644067796,1.0011752265262175,0.0010153011027933783,3552
id_2000_k60,2,0.7796610169491526,1.0018599437432245,0.001004989838641945,3552
id_2000_k60,2,0.7966101694915254,1.0012785814501144,0.001008845388883761,3552
id_2000_k60,2,0.8135593220338984,1.0001717648796133,0.0010053324062499174,3552
id_2000_k60,2,0.8305084745762712,1.00256160188567,0.0010137315613339762,3552
id_2000_k60,2,0.847457627118644,1.000719432408611,0.0009980381080345977,3552
id_2000_k60,2,0.864406779661017,1.001353777408063,0.0010227792465648303,3552
id_2000_k60,2,0.8813559322033898,1.0011363614619047,0.0010013053836385906,3552
id_2000_k60,2,0.8983050847457628,1.001304034563201,0.0010305120218323462,3552
id_2000_k60,2,0.9152542372881356,1.00160070780564,0.0010384736404990482,3552
id_2000_k60,2,0.9322033898305084,1.0010474948967631,0.0010299420401928495,3552
id_2000_k60,2,0.9491525423728814,1.0013425435770202,0.001033476888892197,3552
id_2000_k60,2,0.9661016949152542,1.000248174879465,0.001033013993135201,3552
id_2000_k60,2,0.9830508474576272,1.000932265643601,0.001045205206481477,3552
id_2000_k60,2,1.0,1.0006961361547042,0.0010428867111176591,3552
id_2000_k60,3,0.0,0.9957461116818694,0.0005076833309299204,3552
id_2000_k60,3,0.01694915254237288,0.9970071423832361,0.0004994436179089452,3552
id_2000_k60,3,0.03389830508474576,0.9973290900422914,0.0004933610191764563,3552
id_2000_k60,3,0.05084745762711865,0.9981294128674645,0.00047923944574117754,3552
id_2000_k60,3,0.06779661016949153,0.9984818595285351,0.0004959029230250618,3552
id_2000_k60,3,0.0847457627118644,0.9987766187268872,0.00048744185650459075,3552
id_2000_k60,3,0.1016949152542373,0.9986480017872276,0.00048647348282958026,3552
id_2000_k60,3,0.11864406779661017,0.9988279883993102,0.0004734835434482199,3552
id_2000_k60,3,0.13559322033898305,0.99926410781572,0.0004752204896844387,3552
id_2000_k60,3,0.15254237288135594,0.9994788542557675,0.0004782393040404885,3552
id_2000_k60,3,0.1694915254237288,0.9993879613508513,0.00047884939604208,3552
id_2000_k60,3,0.1864406779661017,0.9994112510435484,0.0004734780244543893,3552
id_2000_k60,3,0.2033898305084746,0.9996323829499988,0.0004859601367152846,3552
id_2000_k60,3,0.22033898305084745,0.999522302501105,0.000477471603314585,3552
id_2000_k60,3,0.23728813559322035,0.999743199898853,0.0004872958397770883,3552
id_2000_k60,3,0.2542372881355932,0.9996945102707492,0.0004768673404736421,3552
id_2000_k60,3,0.2711864406779661,0.999678239679417,0.00048456777563417216,3552
id_2000_k60,3,0.288135593220339,0.9998277777151482,0.00048454517781386727,3552
id_2000_k60,3,0.3050847457627119,1.000105796751004,0.0004799620657232606,3552
id_2000_k60,3,0.3220338983050847,0.9995489508450568,0.0004767606985737706,3552
id_2000_k60,3,0.3389830508474576,1.0000017401468646,0.0004771814457264963,3552
id_2000_k60,3,0.3559322033898305,0.9997698073317339,0.0004884289795268861,3552
id_2000_k60,3,0.3728813559322034,0.999724782684499,0.0004877654583978142,3552
id_2000_k60,3,0.3898305084745763,1.0002691646416981,0.00048412858384784454,3552
id_2000_k60,3,0.4067796610169492,1.0002252468587578,0.0004832239283965241,3552
id_2000_k60,3,0.423728813559322,0.9998019559829084,0.00048232649552158784,3552
id_2000_k60,3,0.4406779661016949,1.000347135940919,0.00047607029526739944,3552
id_2000_k60,3,0.4576271186440678,1.0002971085476446,0.00047772642710755894,3552
id_2000_k60,3,0.4745762711864407,1.0001935992255673,0.0004814028637109685,3552
id_2000_k60,3,0.4915254237288136,1.0002506090042826,0.0004788509486496855,3552
id_2000_k60,3,0.5084745762711864,1.0005265778887111,0.0004904189055798989,3552
id_2000_k60,3,0.5254237288135594,1.0002774245500028,0.00047923600249461537,3552
id_2000_k60,3,0.5423728813559322,1.0005876363364157,0.00048182991430633894,3552
id_2000_k60,3,0.559322033898305,1.000672895864055,0.0004948357771041814,3552
id_2000_k60,3,0.576271186440678,1.0005770816996291,0.0004939536000993389,3552
id_2000_k60,3,0.5932203389830508,1.0007085408512,0.0004928141236990697,3552
id_2000_k60,3,0.6101694915254238,1.0006707204287653,0.00048658654864734745,3552
id_2000_k60,3,0.6271186440677966,1.000700543508739,0.0004938676075283695,3552
id_2000_k60,3,0.6440677966101694,1.001276439961952,0.0004955586522560161,3552
id_2000_k60,3,0.6610169491525424,1.000511254209119,0.0004892505886311716,3552
id_2000_k60,3,0.6779661016949152,1.0011142169939236,0.0004983153774927719,3552
id_2000_k60,3,0.6949152542372882,1.0009529512241349,0.0004906835244344377,3552
id_2000_k60,3,0.711864406779661,1.000744062047955,0.0004971849783197544,3552
id_2000_k60,3,0.7288135593220338,1.0009926532705624,0.0004934568863101707,3552
id_2000_k60,3,0.7457627118644068,1.000975408532598,0.0004917433770872553,3552
id_2000_k60,3,0.7627118644067796,1.0012642842558053,0.0004970555010881693,3552
id_2000_k60,3,0.7796610169491526,1.0010782315118893,0.0004954199811207713,3552
id_2000_k60,3,0.7966101694915254,1.0007955607966528,0.0005044007867993599,3552
id_2000_k60,3,0.8135593220338984,1.0009521749038417,0.0005037489175028896,3552
id_2000_k60,3,0.8305084745762712,1.0009486731477417,0.0005070719197381266,3552
id_2000_k60,3,0.847457627118644,1.0010568577259242,0.000505783848933334,3552
id_2000_k60,3,0.864406779661017,1.0010244938805029,0.000505219119239611,3552
id_2000_k60,3,0.8813559322033898,1.0007437519594893,0.0005002299521741604,3552
id_2000_k60,3,0.8983050847457628,1.000563498922028,0.0005023433359623286,3552
id_2000_k60,3,0.9152542372881356,1.0004641413856465,0.0005078011500249772,3552
id_2000_k60,3,0.9322033898305084,1.0008113342798777,0.00051517410628431,3552
id_2000_k60,3,0.9491525423728814,1.0000669292367257,0.0005119865631478953,3552
id_2000_k60,3,0.9661016949152542,0.999955045193568,0.0005154352678862818,3552
id_2000_k60,3,0.9830508474576272,0.9999292636172729,0.000529155381688766,3552
id_2000_k60,3,1.0,0.9999346508736815,0.0005330108308069995,3552
id_2000_k60,4,0.0,1.0059386103472732,0.00035527047339962997,3552
id_2000_k60,4,0.01694915254237288,1.0053895187673267,0.00033744074302143127,3552
id_2000_k60,4,0.03389830508474576,1.0043204706162214,0.00033649741328107153,3552
id_2000_k60,4,0.05084745762711865,1.0039776246491317,0.00033231525189936315,3552
id_2000_k60,4,0.06779661016949153,1.003553306029455,0.00032369148949000607,3552
id_2000_k60,4,0.0847457627118644,1.0031231927207194,0.0003258464627644928,3552
id_2000_k60,4,0.1016949152542373,1.002720971029621,0.00032422702451753813,3552
id_2000_k60,4,0.11864406779661017,1.0025459797801197,0.00031856198557742536,3552
id_2000_k60,4,0.13559322033898305,1.0022926077179544,0.0003148743647900272,3552
id_2000_k60,4,0.15254237288135594,1.0020532245739355,0.00031538983528237204,3552
id_2000_k60,4,0.1694915254237288,1.001877954363957,0.00031846385618643463,3552
id_2000_k60,4,0.1864406779661017,1.0015153359655324,0.00031699609511757197,3552
id_2000_k60,4,0.2033898305084746,1.0015305054818724,0.00032482019141817067,3552
id_2000_k60,4,0.22033898305084745,1.0011358251879077,0.0003208818464374492,3552
id_2000_k60,4,0.23728813559322035,1.001515725896031,0.000320682859997057,3552
id_2000_k60,4,0.2542372881355932,1.00109415555054,0.0003228446233228358,3552
id_2000_k60,4,0.2711864406779661,1.0010756854941179,0.00032233067696211393,3552
id_2000_k60,4,0.288135593220339,1.0008361248786117,0.00031795153679889225,3552
id_2000_k60,4,0.3050847457627119,1.0009258751933638,0.00031207269423696375,3552
id_2000_k60,4,0.3220338983050847,1.000454708212265,0.0003245501330986713,3552
id_2000_k60,4,0.3389830508474576,1.00025681305576,0.00031873002072555043,3552
id_2000_k60,4,0.3559322033898305,1.000383542145829,0.00032110085955994,3552
id_2000_k60,4,0.3728813559322034,1.0000437877669528,0.0003153824693947448,3552
id_2000_k60,4,0.3898305084745763,0.9999139255063759,0.00031960933122044793,3552
id_2000_k60,4,0.4067796610169492,1.0000178194227252,0.0003220437140919174,3552
id_2000_k60,4,0.423728813559322,0.9994281107509458,0.00031670533334747595,3552
id_2000_k60,4,0.4406779661016949,0.9996846225616094,0.0003229537507457573,3552
id_2000_k60,4,0.4576271186440678,0.9997380441138605,0.0003187300813289684,3552
id_2000_k60,4,0.4745762711864407,0.9996418868199931,0.00033093682649687234,3552
id_2000_k60,4,0.4915254237288136,0.9995131232851261,0.0003236407302189549,3552
id_2000_k60,4,0.5084745762711864,0.999697482414745,0.00032136443893164286,3552
id_2000_k60,4,0.5254237288135594,0.9991971629394872,0.00032694674902609895,3552
id_2000_k60,4,0.5423728813559322,0.9993495482045252,0.00032187496643942457,3552
id_2000_k60,4,0.559322033898305,0.9993862912797176,0.0003291615539899128,3552
id_2000_k60,4,0.576271186440678,0.9992108664869725,0.000328125783842352,3552
id_2000_k60,4,0.5932203389830508,0.9991626876263736,0.00032775881984909116,3552
id_2000_k60,4,0.6101694915254238,0.9990043610099468,0.00033291862223726505,3552
id_2000_k60,4,0.6271186440677966,0.9988733854413301,0.00032550194536406016,3552
id_2000_k60,4,0.6440677966101694,0.9992196194592629,0.00032882328816370346,3552
id_2000_k60,4,0.6610169491525424,0.998969994619623,0.00032660484607896625,3552
id_2000_k60,4,0.6779661016949152,0.9989312779292598,0.0003233438908083697,3552
id_2000_k60,4,0.6949152542372882,0.9986674097106532,0.00032915325890517274,3552
id_2000_k60,4,0.711864406779661,0.9986488372087479,0.00033941644963589687,3552
id_2000_k60,4,0.7288135593220338,0.9986160890543246,0.00032967442547902925,3552
id_2000_k60,4,0.7457627118644068,0.9984498098157011,0.0003285066339370599,3552
id_2000_k60,4,0.7627118644067796,0.9986821572120125,0.00033458878592809303,3552
id_2000_k60,4,0.7796610169491526,0.9983854051679373,0.00033365805902684637,3552
id_2000_k60,4,0.7966101694915254,0.9983608996713752,0.0003361370064398628,3552
id_2000_k60,4,0.8135593220338984,0.9980479946343211,0.000333018895199519,3552
id_2000_k60,4,0.8305084745762712,0.9982496569654694,0.00033437966033694034,3552
id_2000_k60,4,0.847457627118644,0.9981376868211203,0.0003436470772154462,3552
id_2000_k60,4,0.864406779661017,0.9981796920031041,0.00033659046961752185,3552
id_2000_k60,4,0.8813559322033898,0.9979054223544694,0.00033670043363200275,3552
id_2000_k60,4,0.8983050847457628,0.997748724948447,0.0003436330322549557,3552
id_2000_k60,4,0.9152542372881356,0.9977462257485132,0.0003404109195148369,3552
id_2000_k60,4,0.9322033898305084,0.9977478753976725,0.0003377217349953008,3552
id_2000_k60,4,0.9491525423728814,0.997384352492051,0.00034436475837289286,3552
id_2000_k60,4,0.9661016949152542,0.9971744731437784,0.00034876713037456514,3552
id_2000_k60,4,0.9830508474576272,0.9971506835573966,0.0003569846231477844,3552
id_2000_k60,4,1.0,0.9972148550724661,0.0003503097424875392,3552
scale_5000_k60,1,0.0,1.0021798457312692,0.00033302212404617214,3552
scale_5000_k60,1,0.01694915254237288,1.0021853796667881,0.0003351454211247963,3552
scale_5000_k60,1,0.03389830508474576,1.001741037746002,0.0003262142072332969,3552
scale_5000_k60,1,0.05084745762711865,1.0016808273891609,0.0003235344892521372,3552
scale_5000_k60,1,0.06779661016949153,1.0011839738602306,0.0003263918955116162,3552
scale_5000_k60,1,0.0847457627118644,1.0013317687957137,0.0003203586258560795,3552
scale_5000_k60,1,0.1016949152542373,1.0011191744323786,0.0003266623519559627,3552
scale_5000_k60,1,0.11864406779661017,1.0010717549604606,0.0003209503046134758,3552
scale_5000_k60,1,0.13559322033898305,1.0008412135748175,0.00033094062535487097,3552
scale_5000_k60,1,0.15254237288135594,1.0005971686662853,0.00032554129027744644,3552
scale_5000_k60,1,0.1694915254237288,1.0006606889938987,0.0003308107645070706,3552
scale_5000_k60,1,0.1864406779661017,1.000750789603403,0.0003242407592034218,3552
scale_5000_k60,1,0.2033898305084746,1.000785486906901,0.0003217218013316675,3552
scale_5000_k60,1,0.22033898305084745,1.0006272899708502,0.0003204879479850979,3552
scale_5000_k60,1,0.23728813559322035,1.0003555009460396,0.00032781722810752034,3552
scale_5000_k60,1,0.2542372881355932,1.0007619357726596,0.0003228539549455963,3552
scale_5000_k60,1,0.2711864406779661,1.0004591271616854,0.000318167027729391,3552
scale_5000_k60,1,0.288135593220339,1.0006054289941047,0.00032839635668587393,3552
scale_5000_k60,1,0.3050847457627119,1.0004482295129213,0.00033093082906610364,3552
scale_5000_k60,1,0.3220338983050847,1.0004063515613477,0.0003236231244111601,3552
scale_5000_k60,1,0.3389830508474576,1.0001702679505757,0.0003231212145057618,3552
scale_5000_k60,1,0.3559322033898305,1.0000926122270726,0.00033459737511526395,3552
scale_5000_k60,1,0.3728813559322034,1.0001396234440911,0.0003289315950457545,3552
scale_5000_k60,1,0.3898305084745763,1.000124654455765,0.00033501288723739167,3552
scale_5000_k60,1,0.4067796610169492,1.0002539205020882,0.0003266971316009593,3552
scale_5000_k60,1,0.423728813559322,0.9999001485773841,0.00033320766211606306,3552
scale_5000_k60,1,0.4406779661016949,0.9999183306118121,0.0003279820230490135,3552
scale_5000_k60,1,0.4576271186440678,1.000069072386166,0.0003381418409591272,3552
scale_5000_k60,1,0.4745762711864407,0.9999218869048196,0.00033765417190102705,3552
scale_5000_k60,1,0.4915254237288136,1.0002218230484843,0.00033185448601595656,3552
scale_5000_k60,1,0.5084745762711864,0.9998376037388503,0.00033801489898516423,3552
scale_5000_k60,1,0.5254237288135594,0.9994420961955109,0.0003466054882104389,3552
scale_5000_k60,1,0.5423728813559322,0.9998420953649927,0.00033895454579843356,3552
scale_5000_k60,1,0.559322033898305,1.000004072447081,0.0003419563058800517,3552
scale_5000_k60,1,0.576271186440678,0.999809527031339,0.0003370374473666982,3552
scale_5000_k60,1,0.5932203389830508,0.9998086591729441,0.00034295329112599235,3552
scale_5000_k60,1,0.6101694915254238,0.9998234143765928,0.00033769874473215983,3552
scale_5000_k60,1,0.6271186440677966,0.9998368193135336,0.0003391959894041949,3552
scale_5000_k60,1,0.6440677966101694,0.9996427917802656,0.00034518918756229716,3552
scale_5000_k60,1,0.6610169491525424,0.9995998342496317,0.0003415694399871935,3552
scale_5000_k60,1,0.6779661016949152,0.9993538640204582,0.00034576225552800604,3552
scale_5000_k60,1,0.6949152542372882,0.9994019115394032,0.00034071926347379195,3552
scale_5000_k60,1,0.711864406779661,0.9991214316136934,0.00034565948415102765,3552
scale_5000_k60,1,0.7288135593220338,0.9991581912177641,0.00034733164164551183,3552
scale_5000_k60,1,0.7457627118644068,0.9991235124232533,0.00034133259190160506,3552
scale_5000_k60,1,0.7627118644067796,0.9995390420427194,0.00034204835640144917,3552
scale_5000_k60,1,0.7796610169491526,0.9992975888454968,0.0003510599746398183,3552
scale_5000_k60,1,0.7966101694915254,0.99952311518493,0.00034424194663670795,3552
scale_5000_k60,1,0.8135593220338984,0.9991976066014251,0.00035350728317466463,3552
scale_5000_k60,1,0.8305084745762712,0.9991917679472281,0.0003536884134734854,3552
scale_5000_k60,1,0.847457627118644,0.9990212040710019,0.0003497654215664466,3552
scale_5000_k60,1,0.864406779661017,0.9993092964596308,0.0003569547895853902,3552
scale_5000_k60,1,0.8813559322033898,0.9986539345972978,0.0003546129122786408,3552
scale_5000_k60,1,0.8983050847457628,0.999044129859891,0.0003590501517343065,3552
scale_5000_k60,1,0.9152542372881356,0.9990368368825665,0.00036077734897650953,3552
scale_5000_k60,1,0.9322033898305084,0.9989923246473342,0.00036023083066050925,3552
scale_5000_k60,1,0.9491525423728814,0.9991329354611603,0.00035286268741536607,3552
scale_5000_k60,1,0.9661016949152542,0.9987803016126424,0.0003658796025881744,3552
scale_5000_k60,1,0.9830508474576272,0.9984937582399931,0.00036582274766046297,3552
scale_5000_k60,1,1.0,0.9983750341275522,0.0003642732944925824,3552
scale_5000_k60,2,0.0,1.0044263162490752,0.0012137304263093026,3552
scale_5000_k60,2,0.01694915254237288,1.0013781616145425,0.001156510311925486,3552
scale_5000_k60,2,0.03389830508474576,1.0007207211744678,0.0011584365262459317,3552
scale_5000_k60,2,0.05084745762711865,1.000720339466457,0.0011672797593886464,3552
scale_5000_k60,2,0.06779661016949153,0.9994075183362305,0.001128127697116423,3552
scale_5000_k60,2,0.0847457627118644,0.9995446395431016,0.0011098616761452814,3552
scale_5000_k60,2,0.1016949152542373,0.9996657786504911,0.0011318138186531487,3552
scale_5000_k60,2,0.11864406779661017,0.9992487012903701,0.001110160184394732,3552
scale_5000_k60,2,0.13559322033898305,0.999582980935638,0.001121989798943802,3552
scale_5000_k60,2,0.15254237288135594,0.9998980033974927,0.0011093288305827071,3552
scale_5000_k60,2,0.1694915254237288,0.9999426586368868,0.0011263041105638505,3552
scale_5000_k60,2,0.1864406779661017,0.9988174417668635,0.0011054877446079177,3552
scale_5000_k60,2,0.2033898305084746,0.9984673792915838,0.0011070732362994074,3552
scale_5000_k60,2,0.22033898305084745,0.9988376246513547,0.001086844920200652,3552
scale_5000_k60,2,0.23728813559322035,0.9987805671150889,0.001099507233208812,3552
scale_5000_k60,2,0.2542372881355932,0.9985846978956247,0.0010915285692551307,3552
scale_5000_k60,2,0.2711864406779661,0.9993744517198285,0.001105165932764247,3552
scale_5000_k60,2,0.288135593220339,0.9988742519069362,0.0010898561992373724,3552
scale_5000_k60,2,0.3050847457627119,0.9999902096182645,0.001117726592575748,3552
scale_5000_k60,2,0.3220338983050847,0.9996324051674959,0.0011011299167319156,3552
scale_5000_k60,2,0.3389830508474576,0.9994532419620333,0.0011028059694245544,3552
scale_5000_k60,2,0.3559322033898305,0.9991509925808992,0.001090564607007636,3552
scale_5000_k60,2,0.3728813559322034,0.9984095026613087,0.0011045905154741253,3552
scale_5000_k60,2,0.3898305084745763,0.9991572325596133,0.0010928205227325753,3552
scale_5000_k60,2,0.4067796610169492,0.9989059936792195,0.0011012256803651598,3552
scale_5000_k60,2,0.423728813559322,0.9992323449670194,0.0011220628021988645,3552
scale_5000_k60,2,0.4406779661016949,0.9990422643284809,0.0011136502431787273,3552
scale_5000_k60,2,0.4576271186440678,0.9991540432244808,0.0011074019140984292,3552
scale_5000_k60,2,0.4745762711864407,0.9992741578770382,0.0011066081252728986,3552
scale_5000_k60,2,0.4915254237288136,0.9990073982961811,0.0010953605005922925,3552
scale_5000_k60,2,0.5084745762711864,1.000088148154654,0.0010966453285599868,3552
scale_5000_k60,2,0.5254237288135594,0.9994213408916384,0.001119211156125198,3552
scale_5000_k60,2,0.5423728813559322,1.00005966624631,0.001103901552122657,3552
scale_5000_k60,2,0.559322033898305,0.9993406986767376,0.0011009868528537308,3552
scale_5000_k60,2,0.576271186440678,0.9991141344412221,0.0010987405310506923,3552
scale_5000_k60,2,0.5932203389830508,1.0001193411010612,0.0011192277546728656,3552
scale_5000_k60,2,0.6101694915254238,1.0000618400203216,0.0011186381029364225,3552
scale_5000_k60,2,0.6271186440677966,0.9992885744652232,0.001112498405159712,3552
scale_5000_k60,2,0.6440677966101694,0.9999449848121887,0.0011192647182685872,3552
scale_5000_k60,2,0.6610169491525424,0.9997049119692665,0.0011019212152172412,3552
scale_5000_k60,2,0.6779661016949152,1.0001598400240008,0.0011182706344246092,3552
scale_5000_k60,2,0.6949152542372882,1.0003512445501648,0.001129570834467475,3552
scale_5000_k60,2,0.711864406779661,1.0006949445987876,0.0011175291329650254,3552
scale_5000_k60,2,0.7288135593220338,1.0011031826840595,0.0011464585004709337,3552
scale_5000_k60,2,0.7457627118644068,1.0005811175650305,0.0011406291647409069,3552
scale_5000_k60,2,0.7627118644067796,0.9996269675357653,0.0011327697501192719,3552
scale_5000_k60,2,0.7796610169491526,1.0014174880107511,0.0011386355864329107,3552
scale_5000_k60,2,0.7966101694915254,1.0003001572278973,0.0011325187874091517,3552
scale_5000_k60,2,0.8135593220338984,1.0006689587691884,0.0011215733801263998,3552
scale_5000_k60,2,0.8305084745762712,1.0011892363697559,0.0011687366444264652,3552
scale_5000_k60,2,0.847457627118644,1.0007720323162035,0.00117981181208638,3552
scale_5000_k60,2,0.864406779661017,1.0001824804422286,0.0011579819102329743,3552
scale_5000_k60,2,0.8813559322033898,1.001740517111512,0.0011726664466771097,3552
scale_5000_k60,2,0.8983050847457628,1.0017789181758154,0.001184837726459641,3552
scale_5000_k60,2,0.9152542372881356,1.0010011184054453,0.0011582749904294222,3552
scale_5000_k60,2,0.9322033898305084,1.0015023119311344,0.0011725517367294793,3552
scale_5000_k60,2,0.9491525423728814,1.0005859251696247,0.0011240808192486329,3552
scale_5000_k60,2,0.9661016949152542,1.0002033024321537,0.0011838170859747768,3552
scale_5000_k60,2,0.9830508474576272,1.0016942536877889,0.0011726170248192538,3552
scale_5000_k60,2,1.0,1.0006203190633305,0.0011840080470231268,3552
scale_5000_k60,3,0.0,0.9969210653389627,0.0005190887691386597,3552
scale_5000_k60,3,0.01694915254237288,0.997513923961837,0.0005097722231359381,3552
scale_5000_k60,3,0.03389830508474576,0.998324813438697,0.0005113788138565192,3552
scale_5000_k60,3,0.05084745762711865,0.9986216609475312,0.0004948047965851721,3552
scale_5000_k60,3,0.06779661016949153,0.9986166954376139,0.0004983841148274039,3552
scale_5000_k60,3,0.0847457627118644,0.9990064084932611,0.000495839064550124,3552
scale_5000_k60,3,0.1016949152542373,0.999132526837088,0.0004940840938298279,3552
scale_5000_k60,3,0.11864406779661017,0.9992123308784522,0.0004983431716185975,3552
scale_5000_k60,3,0.13559322033898305,0.9995666788135832,0.0004916318767227035,3552
scale_5000_k60,3,0.15254237288135594,0.9992810924378064,0.0004924310999910095,3552
scale_5000_k60,3,0.1694915254237288,0.9994170899830155,0.0004946442661573578,3552
scale_5000_k60,3,0.1864406779661017,0.9996322843137088,0.0005048811374064017,3552
scale_5000_k60,3,0.2033898305084746,0.9997705158416752,0.0004925051925246566,3552
scale_5000_k60,3,0.22033898305084745,0.9999433146571522,0.0004936398562600201,3552
scale_5000_k60,3,0.23728813559322035,0.9998096775532037,0.0004971057097173158,3552
scale_5000_k60,3,0.2542372881355932,0.9996190930607619,0.0004960171062732617,3552
scale_5000_k60,3,0.2711864406779661,1.0002736556973006,0.0004969977426190788,3552
scale_5000_k60,3,0.288135593220339,1.0000174700676858,0.0004895921473162836,3552
scale_5000_k60,3,0.3050847457627119,0.9997331041272159,0.0004908318651672481,3552
scale_5000_k60,3,0.3220338983050847,0.9997846588727322,0.0004980438288397525,3552
scale_5000_k60,3,0.3389830508474576,0.999991014683703,0.0005044008013235651,3552
scale_5000_k60,3,0.3559322033898305,0.9998848206019616,0.0004929111384578374,3552
scale_5000_k60,3,0.3728813559322034,0.9998092109522035,0.0005033244390519289,3552
scale_5000_k60,3,0.3898305084745763,0.9997824866760958,0.0005002500648036549,3552
scale_5000_k60,3,0.4067796610169492,0.9998267815859468,0.000493445887376178,3552
scale_5000_k60,3,0.423728813559322,1.000204373721604,0.0004992321360237039,3552
scale_5000_k60,3,0.4406779661016949,1.0005379949469824,0.0005042022839064095,3552
scale_5000_k60,3,0.4576271186440678,1.000349061966345,0.0004934894428626221,3552
scale_5000_k60,3,0.4745762711864407,1.000215142747169,0.0005001076072732305,3552
scale_5000_k60,3,0.4915254237288136,1.00088211769859,0.0005010755692233601,3552
scale_5000_k60,3,0.5084745762711864,1.000313312419363,0.0005005962690713127,3552
scale_5000_k60,3,0.5254237288135594,1.0003097074123117,0.000514108631633119,3552
scale_5000_k60,3,0.5423728813559322,1.0003470892741069,0.0004968480935830938,3552
scale_5000_k60,3,0.559322033898305,1.0003465478988112,0.0005071182239144557,3552
scale_5000_k60,3,0.576271186440678,1.0009207328328409,0.0005104952817493858,3552
scale_5000_k60,3,0.5932203389830508,1.0006707824498147,0.0004984087257723577,3552
scale_5000_k60,3,0.6101694915254238,1.0008309121570877,0.0005118526366519082,3552
scale_5000_k60,3,0.6271186440677966,1.0005352057617258,0.0004990647197900752,3552
scale_5000_k60,3,0.6440677966101694,1.0004794197912152,0.000503577536947502,3552
scale_5000_k60,3,0.6610169491525424,1.0004115447502684,0.0005061171375849455,3552
scale_5000_k60,3,0.6779661016949152,1.0007249434889705,0.0005132761698705068,3552
scale_5000_k60,3,0.6949152542372882,1.0005628099111286,0.000515342401384169,3552
scale_5000_k60,3,0.711864406779661,1.0003490772366792,0.0005141946615806028,3552
scale_5000_k60,3,0.7288135593220338,1.0007220547948334,0.0005068784637504678,3552
scale_5000_k60,3,0.7457627118644068,1.0007324022249326,0.0005181872853299668,3552
scale_5000_k60,3,0.7627118644067796,1.0001987296383124,0.000514308671495136,3552
scale_5000_k60,3,0.7796610169491526,1.000634190785858,0.0005109304319099069,3552
scale_5000_k60,3,0.7966101694915254,1.0008505438664206,0.0005150191342989004,3552
scale_5000_k60,3,0.8135593220338984,1.000620412111685,0.0005185965535233266,3552
scale_5000_k60,3,0.8305084745762712,1.0006895924641475,0.0005190123773496429,3552
scale_5000_k60,3,0.847457627118644,1.0007530154140145,0.0005172669668328262,3552
scale_5000_k60,3,0.864406779661017,1.0005677638760022,0.0005294257658267823,3552
scale_5000_k60,3,0.8813559322033898,1.0008991902509519,0.0005344497675330342,3552
scale_5000_k60,3,0.8983050847457628,1.0004177328434076,0.0005268742328400832,3552
scale_5000_k60,3,0.9152542372881356,1.0007221009750087,0.0005359801417817083,3552
scale_5000_k60,3,0.9322033898305084,1.0006540429249808,0.0005417043873207035,3552
scale_5000_k60,3,0.9491525423728814,1.000117619949821,0.0005413253719133272,3552
scale_5000_k60,3,0.9661016949152542,1.0001637392954246,0.0005479555381660768,3552
scale_5000_k60,3,0.9830508474576272,0.999803247886735,0.0005613480959191708,3552
scale_5000_k60,3,1.0,0.9989704487023053,0.0005579684675075343,3552
scale_5000_k60,4,0.0,1.0044673835304943,0.00039292499765187806,3552
scale_5000_k60,4,0.01694915254237288,1.003592266961261,0.00038037516946840043,3552
scale_5000_k60,4,0.03389830508474576,1.0030899374905202,0.0003882638850484058,3552
scale_5000_k60,4,0.05084745762711865,1.002933753318749,0.0003831137206670239,3552
scale_5000_k60,4,0.06779661016949153,1.0024651443367605,0.00037664932777348295,3552
scale_5000_k60,4,0.0847457627118644,1.0023400890598964,0.0003641835740943763,3552
scale_5000_k60,4,0.1016949152542373,1.0022724562299412,0.0003699873816705911,3552
scale_5000_k60,4,0.11864406779661017,1.0019701146898237,0.00037798548443085926,3552
scale_5000_k60,4,0.13559322033898305,1.001735313283699,0.00038026605806402856,3552
scale_5000_k60,4,0.15254237288135594,1.0016768549879391,0.00036922318097817023,3552
scale_5000_k60,4,0.1694915254237288,1.001690355473542,0.000372524856710708,3552
scale_5000_k60,4,0.1864406779661017,1.001205705643237,0.0003729504537244602,3552
scale_5000_k60,4,0.2033898305084746,1.0011009921965834,0.00037052876561620353,3552
scale_5000_k60,4,0.22033898305084745,1.0013217028767407,0.0003735133578607379,3552
scale_5000_k60,4,0.23728813559322035,1.000888279110596,0.0003728061467274597,3552
scale_5000_k60,4,0.2542372881355932,1.0006720622716185,0.0003705448284568741,3552
scale_5000_k60,4,0.2711864406779661,1.0008908901363611,0.0003835794300531332,3552
scale_5000_k60,4,0.288135593220339,1.0006997915035165,0.0003719786830273913,3552
scale_5000_k60,4,0.3050847457627119,1.00077360668765,0.00037625671953040585,3552
scale_5000_k60,4,0.3220338983050847,1.0003859177735206,0.000375411165861603,3552
scale_5000_k60,4,0.3389830508474576,1.0005482372802657,0.00037232912151017304,3552
scale_5000_k60,4,0.3559322033898305,1.000336170817415,0.00037489518859995107,3552
scale_5000_k60,4,0.3728813559322034,1.00011507594572,0.0003852498083509965,3552
scale_5000_k60,4,0.3898305084745763,1.0000809436613642,0.00037701058822907124,3552
scale_5000_k60,4,0.4067796610169492,0.9997994774902189,0.00037884116013571885,3552
scale_5000_k60,4,0.423728813559322,0.9998832113772362,0.0003816390445052024,3552
scale_5000_k60,4,0.4406779661016949,0.9998672965846889,0.00038256421556609753,3552
scale_5000_k60,4,0.4576271186440678,0.9999151577719966,0.0003840606522262923,3552
scale_5000_k60,4,0.4745762711864407,0.9997621903212758,0.0003850419757561541,3552
scale_5000_k60,4,0.4915254237288136,0.9995904916578585,0.00037990496657264373,3552
scale_5000_k60,4,0.5084745762711864,0.9999505704822572,0.0003840209233729944,3552
scale_5000_k60,4,0.5254237288135594,0.9996518398056159,0.00038967916496844877,3552
scale_5000_k60,4,0.5423728813559322,0.9995353085634945,0.0003874916635042789,3552
scale_5000_k60,4,0.559322033898305,0.9992755840591214,0.00038399997738576216,3552
scale_5000_k60,4,0.576271186440678,0.9994850974060125,0.0003852435233269624,3552
scale_5000_k60,4,0.5932203389830508,0.9992536794192888,0.0003772217828055552,3552
scale_5000_k60,4,0.6101694915254238,0.9994208301409139,0.0003870359224220174,3552
scale_5000_k60,4,0.6271186440677966,0.9991931901523122,0.0003865576608041064,3552
scale_5000_k60,4,0.6440677966101694,0.9994059096149228,0.0003947594284220209,3552
scale_5000_k60,4,0.6610169491525424,0.9988865658707984,0.000385988417919221,3552
scale_5000_k60,4,0.6779661016949152,0.9989678557660129,0.0003974114004746245,3552
scale_5000_k60,4,0.6949152542372882,0.9989349311804986,0.000392532949109144,3552
scale_5000_k60,4,0.711864406779661,0.9987881802660119,0.000394219823956281,3552
scale_5000_k60,4,0.7288135593220338,0.9989592035443665,0.00039814108051170236,3552
scale_5000_k60,4,0.7457627118644068,0.9989352326269623,0.00039234717129185156,3552
scale_5000_k60,4,0.7627118644067796,0.9986975811723922,0.0003926541775090908,3552
scale_5000_k60,4,0.7796610169491526,0.9991492780915521,0.0003925918164584948,3552
scale_5000_k60,4,0.7966101694915254,0.9985238647440801,0.0003919951089235842,3552
scale_5000_k60,4,0.8135593220338984,0.9986844320722796,0.00039497041058799,3552
scale_5000_k60,4,0.8305084745762712,0.998687282204628,0.00041121082659185444,3552
scale_5000_k60,4,0.847457627118644,0.9984144307840783,0.0004136429436741862,3552
scale_5000_k60,4,0.864406779661017,0.9983557420740793,0.0004109714126362346,3552
scale_5000_k60,4,0.8813559322033898,0.9986451648108594,0.0004076848819551949,3552
scale_5000_k60,4,0.8983050847457628,0.998146602229492,0.00041917688879802926,3552
scale_5000_k60,4,0.9152542372881356,0.9981747034198798,0.0004124455632814062,3552
scale_5000_k60,4,0.9322033898305084,0.9982356197695743,0.0004256946341920742,3552
scale_5000_k60,4,0.9491525423728814,0.9981128678967556,0.00039627919834891117,3552
scale_5000_k60,4,0.9661016949152542,0.9978715605563946,0.0004148102260558362,3552
scale_5000_k60,4,0.9830508474576272,0.9979571679623814,0.0004153962173426591,3552
scale_5000_k60,4,1.0,0.9976288440494655,0.000420888260882012,3552
id_2000_k15,1,0.0,1.0016062346429706,0.00029577623637840793,3552
id_2000_k15,1,0.01694915254237288,1.0014076321656697,0.00024396373791018067,3552
id_2000_k15,1,0.03389830508474576,1.0012090296883676,0.00022243993220970196,3552
id_2000_k15,1,0.05084745762711865,1.0010104272110718,0.00023951458428501585,3552
id_2000_k15,1,0.06779661016949153,1.0008118247337714,0.00028841193343273543,3552
id_2000_k15,1,0.0847457627118644,1.0007184166856533,0.00025368964571358924,3552
id_2000_k15,1,0.1016949152542373,1.0006536980273208,0.00021867487873390015,3552
id_2000_k15,1,0.11864406779661017,1.000588979368979,0.00022537840353985717,3552
id_2000_k15,1,0.13559322033898305,1.0005242607106497,0.00027071867855941084,3552
id_2000_k15,1,0.15254237288135594,1.000482337791366,0.00026179135397010435,3552
id_2000_k15,1,0.1694915254237288,1.0004575116763763,0.0002193276232368069,3552
id_2000_k15,1,0.1864406779661017,1.0004326855613874,0.00021688289566992202,3552
id_2000_k15,1,0.2033898305084746,1.0004078594464005,0.00025560803072652283,3552
id_2000_k15,1,0.22033898305084745,1.0003786906051075,0.0002726954428640061,3552
id_2000_k15,1,0.23728813559322035,1.000341704856461,0.00022581693275658675,3552
id_2000_k15,1,0.2542372881355932,1.0003047191078178,0.00021601671476668895,3552
id_2000_k15,1,0.2711864406779661,1.00026773335917,0.0002477349518654911,3552
id_2000_k15,1,0.288135593220339,1.0002299092586586,0.0002887247110252827,3552
id_2000_k15,1,0.3050847457627119,1.0001870550469523,0.00023297642465413854,3552
id_2000_k15,1,0.3220338983050847,1.000144200835243,0.00021215748322765983,3552
id_2000_k15,1,0.3389830508474576,1.0001013466235364,0.00023571234267904032,3552
id_2000_k15,1,0.3559322033898305,1.0000584924118288,0.00029313230263801435,3552
id_2000_k15,1,0.3728813559322034,1.0000165923223998,0.0002385808068268171,3552
id_2000_k15,1,0.3898305084745763,0.9999747656269836,0.00020696965572086033,3552
id_2000_k15,1,0.4067796610169492,0.9999329389315733,0.00022317974142577516,3552
id_2000_k15,1,0.423728813559322,0.9998911122361576,0.0002789965540416729,3552
id_2000_k15,1,0.4406779661016949,0.999859280974142,0.00025264280091753913,3552
id_2000_k15,1,0.4576271186440678,0.9998314478854822,0.0002139864170793846,3552
id_2000_k15,1,0.4745762711864407,0.9998036147968264,0.00022133527061425848,3552
id_2000_k15,1,0.4915254237288136,0.9997757817081723,0.00027097182662724165,3552
id_2000_k15,1,0.5084745762711864,0.9997580462862204,0.00027223606340256816,3552
id_2000_k15,1,0.5254237288135594,0.9997504085309775,0.0002255722674798564,3552
id_2000_k15,1,0.5423728813559322,0.9997427707757277,0.00022060890552909492,3552
id_2000_k15,1,0.559322033898305,0.9997351330204837,0.0002597475663892747,3552
id_2000_k15,1,0.576271186440678,0.9997223374953028,0.0002851897899365118,3552
id_2000_k15,1,0.5932203389830508,0.9996966475452763,0.00022883283496556684,3552
id_2000_k15,1,0.6101694915254238,0.9996709575952537,0.00021450519619821925,3552
id_2000_k15,1,0.6271186440677966,0.9996452676452282,0.0002495541119617267,3552
id_2000_k15,1,0.6440677966101694,0.9996229467996274,0.00030702865366971833,3552
id_2000_k15,1,0.6610169491525424,0.9996444243115203,0.00024387930739382054,3552
id_2000_k15,1,0.6779661016949152,0.9996659018234114,0.00021836517192551128,3552
id_2000_k15,1,0.6949152542372882,0.9996873793353016,0.00024266291307026232,3552
id_2000_k15,1,0.711864406779661,0.9997088568471985,0.0003050949684671184,3552
id_2000_k15,1,0.7288135593220338,0.9997016460060092,0.00025526073967321156,3552
id_2000_k15,1,0.7457627118644068,0.9996896537726438,0.00021628800469168812,3552
id_2000_k15,1,0.7627118644067796,0.9996776615392772,0.00022845886562341636,3552
id_2000_k15,1,0.7796610169491526,0.9996656693059108,0.0002853014233118976,3552
id_2000_k15,1,0.7966101694915254,0.9996318138745044,0.00026874776277122304,3552
id_2000_k15,1,0.8135593220338984,0.9995858122219626,0.00022679264285726985,3552
id_2000_k15,1,0.8305084745762712,0.9995398105694239,0.0002310240759473772,3552
id_2000_k15,1,0.847457627118644,0.9994938089168832,0.00027935107380140737,3552
id_2000_k15,1,0.864406779661017,0.9994778231842623,0.00029042159315736715,3552
id_2000_k15,1,0.8813559322033898,0.9995018586782017,0.00024218805151201173,3552
id_2000_k15,1,0.8983050847457628,0.9995258941721419,0.0002361564730058764,3552
id_2000_k15,1,0.9152542372881356,0.999549929666075,0.00027511667363908516,3552
id_2000_k15,1,0.9322033898305084,0.999542070203158,0.0003113728202046875,3552
id_2000_k15,1,0.9491525423728814,0.9994172625650959,0.0002520113089463064,3552
id_2000_k15,1,0.9661016949152542,0.9992924549270291,0.0002341062590390972,3552
id_2000_k15,1,0.9830508474576272,0.9991676472889697,0.00026616001806351595,3552
id_2000_k15,1,1.0,0.9990428396509038,0.0003340897243551518,3552
id_2000_k15,2,0.0,0.9969681434601814,0.0010168810375353766,3552
id_2000_k15,2,0.01694915254237288,0.9973864488390108,0.0008288869496425334,3552
id_2000_k15,2,0.03389830508474576,0.9978047542178429,0.0007347642707868573,3552
id_2000_k15,2,0.05084745762711865,0.9982230595966728,0.0007697544540376095,3552
id_2000_k15,2,0.06779661016949153,0.9986413649755032,0.0009192299673885158,3552
id_2000_k15,2,0.0847457627118644,0.998942820479302,0.0008115934255409267,3552
id_2000_k15,2,0.1016949152542373,0.9992124078353609,0.0007064096314090903,3552
id_2000_k15,2,0.11864406779661017,0.9994819951914191,0.0007350172862788283,3552
id_2000_k15,2,0.13559322033898305,0.9997515825474814,0.0008845289253183067,3552
id_2000_k15,2,0.15254237288135594,0.9997597345321512,0.0008581500598581402,3552
id_2000_k15,2,0.1694915254237288,0.9995718099882804,0.0007214471608305425,3552
id_2000_k15,2,0.1864406779661017,0.9993838854444079,0.000707266814887618,3552
id_2000_k15,2,0.2033898305084746,0.9991959609005379,0.0008219747866857043,3552
id_2000_k15,2,0.22033898305084745,0.9991329558083341,0.0008702940086779325,3552
id_2000_k15,2,0.23728813559322035,0.9992948057291234,0.0007175091701525975,3552
id_2000_k15,2,0.2542372881355932,0.9994566556499139,0.000684835432338452,3552
id_2000_k15,2,0.2711864406779661,0.9996185055707054,0.0007873703969162733,3552
id_2000_k15,2,0.288135593220339,0.9997565531612567,0.0009211930801713482,3552
id_2000_k15,2,0.3050847457627119,0.9997517867703537,0.000746930478436439,3552
id_2000_k15,2,0.3220338983050847,0.9997470203794475,0.0006790733987689355,3552
id_2000_k15,2,0.3389830508474576,0.9997422539885454,0.0007471969719227283,3552
id_2000_k15,2,0.3559322033898305,0.99973748759764,0.0009216252174403596,3552
id_2000_k15,2,0.3728813559322034,0.9999866998808629,0.0007574470185139484,3552
id_2000_k15,2,0.3898305084745763,1.0002554489851734,0.0006670544947588775,3552
id_2000_k15,2,0.4067796610169492,1.0005241980894772,0.0007225232687610684,3552
id_2000_k15,2,0.423728813559322,1.000792947193786,0.0008971959154081906,3552
id_2000_k15,2,0.4406779661016949,1.0008612385124642,0.000809829409800455,3552
id_2000_k15,2,0.4576271186440678,1.0008493467168798,0.0006808059726258449,3552
id_2000_k15,2,0.4745762711864407,1.0008374549212977,0.0006958168040990403,3552
id_2000_k15,2,0.4915254237288136,1.0008255631257208,0.0008472404797272649,3552
id_2000_k15,2,0.5084745762711864,1.000836619498641,0.0008484085477571498,3552
id_2000_k15,2,0.5254237288135594,1.0008706240400682,0.0006995948190508351,3552
id_2000_k15,2,0.5423728813559322,1.0009046285814953,0.0006864157330090695,3552
id_2000_k15,2,0.559322033898305,1.0009386331229193,0.0008154740994944068,3552
id_2000_k15,2,0.576271186440678,1.0009432982017417,0.0009016283798472833,3552
id_2000_k15,2,0.5932203389830508,1.0008746146240552,0.0007301588108124142,3552
id_2000_k15,2,0.6101694915254238,1.0008059310463615,0.000688067225465258,3552
id_2000_k15,2,0.6271186440677966,1.000737247468666,0.0007961454569382464,3552
id_2000_k15,2,0.6440677966101694,1.0006793504442908,0.0009726823031530757,3552
id_2000_k15,2,0.6610169491525424,1.0007616786130078,0.0007736437730002691,3552
id_2000_k15,2,0.6779661016949152,1.0008440067817286,0.0006962501441173717,3552
id_2000_k15,2,0.6949152542372882,1.0009263349504467,0.0007777079078364024,3552
id_2000_k15,2,0.711864406779661,1.0010086631191604,0.000979142822924996,3552
id_2000_k15,2,0.7288135593220338,1.001127526870261,0.0008376695652019614,3552
id_2000_k15,2,0.7457627118644068,1.0012524798850917,0.0007318467196375767,3552
id_2000_k15,2,0.7627118644067796,1.0013774328999185,0.0007752926449954347,3552
id_2000_k15,2,0.7796610169491526,1.0015023859147523,0.0009476958866033188,3552
id_2000_k15,2,0.7966101694915254,1.0014970131032985,0.0008843032169348503,3552
id_2000_k15,2,0.8135593220338984,1.0014192370550257,0.0007394214242533154,3552
id_2000_k15,2,0.8305084745762712,1.00134146100675,0.0007431104621378326,3552
id_2000_k15,2,0.847457627118644,1.0012636849584753,0.0008935320522303775,3552
id_2000_k15,2,0.864406779661017,1.0010199023498552,0.0009244831370572188,3552
id_2000_k15,2,0.8813559322033898,1.00055477766078,0.0007558013727630331,3552
id_2000_k15,2,0.8983050847457628,1.0000896529717043,0.0007209588643542759,3552
id_2000_k15,2,0.9152542372881356,0.9996245282826296,0.0008368434607289027,3552
id_2000_k15,2,0.9322033898305084,0.9992709519746328,0.0009523818011036854,3552
id_2000_k15,2,0.9491525423728814,0.9993263863972498,0.0007691166300972546,3552
id_2000_k15,2,0.9661016949152542,0.9993818208198673,0.0007131477527506072,3552
id_2000_k15,2,0.9830508474576272,0.9994372552424842,0.0008112638749240277,3552
id_2000_k15,2,1.0,0.9994926896651048,0.0010199257145511531,3552
id_2000_k15,3,0.0,0.9987724274900314,0.0004621173857048864,3552
id_2000_k15,3,0.01694915254237288,0.9989083208690366,0.0003832019099858582,3552
id_2000_k15,3,0.03389830508474576,0.9990442142480388,0.00035087488681063213,3552
id_2000_k15,3,0.05084745762711865,0.9991801076270458,0.0003773074678606453,3552
id_2000_k15,3,0.06779661016949153,0.999316001006052,0.0004523128575929756,3552
id_2000_k15,3,0.0847457627118644,0.9994100349854167,0.0004014815083158142,3552
id_2000_k15,3,0.1016949152542373,0.9994926527648783,0.00034813838762537993,3552
id_2000_k15,3,0.11864406779661017,0.9995752705443436,0.00035393435674851027,3552
id_2000_k15,3,0.13559322033898305,0.9996578883238045,0.00041640722539995314,3552
id_2000_k15,3,0.15254237288135594,0.9996991494787405,0.000401706255952549,3552
id_2000_k15,3,0.1694915254237288,0.9997093931652791,0.0003391700883578473,3552
id_2000_k15,3,0.1864406779661017,0.999719636851817,0.00033541193005152416,3552
id_2000_k15,3,0.2033898305084746,0.9997298805383547,0.0003921254365940455,3552
id_2000_k15,3,0.22033898305084745,0.9998011419998692,0.00041774406396607864,3552
id_2000_k15,3,0.23728813559322035,0.9999822354563344,0.00034986400477654165,3552
id_2000_k15,3,0.2542372881355932,1.0001633289128053,0.00033583004924684593,3552
id_2000_k15,3,0.2711864406779661,1.0003444223692697,0.00038162953684885544,3552
id_2000_k15,3,0.288135593220339,1.0004797891455832,0.0004405229500599356,3552
id_2000_k15,3,0.3050847457627119,1.0003407958409745,0.00035449548998575653,3552
id_2000_k15,3,0.3220338983050847,1.0002018025363657,0.0003219823249732358,3552
id_2000_k15,3,0.3389830508474576,1.0000628092317543,0.0003578787015935644,3552
id_2000_k15,3,0.3559322033898305,0.9999238159271437,0.00044596041842030884,3552
id_2000_k15,3,0.3728813559322034,1.0000044889483584,0.00036935006605520244,3552
id_2000_k15,3,0.3898305084745763,1.000102059379253,0.00032637252706486307,3552
id_2000_k15,3,0.4067796610169492,1.0001996298101443,0.00035071210980288715,3552
id_2000_k15,3,0.423728813559322,1.000297200241036,0.00043111407297146347,3552
id_2000_k15,3,0.4406779661016949,1.00037378081982,0.00038957628003771403,3552
id_2000_k15,3,0.4576271186440678,1.00044196545776,0.0003300420763013728,3552
id_2000_k15,3,0.4745762711864407,1.000510150095704,0.00033916424618709565,3552
id_2000_k15,3,0.4915254237288136,1.0005783347336437,0.00041241183209874294,3552
id_2000_k15,3,0.5084745762711864,1.000605779955814,0.00041165481451529816,3552
id_2000_k15,3,0.5254237288135594,1.000592485762213,0.00033858438531203966,3552
id_2000_k15,3,0.5423728813559322,1.0005791915686122,0.0003327715990304909,3552
id_2000_k15,3,0.559322033898305,1.0005658973750147,0.0003971804876201238,3552
id_2000_k15,3,0.576271186440678,1.000564180944521,0.000440593188084919,3552
id_2000_k15,3,0.5932203389830508,1.0005914089218066,0.0003565515373754649,3552
id_2000_k15,3,0.6101694915254238,1.000618636899083,0.0003323748743267535,3552
id_2000_k15,3,0.6271186440677966,1.0006458648763625,0.0003796768787055473,3552
id_2000_k15,3,0.6440677966101694,1.0006680318400003,0.0004615014950226039,3552
id_2000_k15,3,0.6610169491525424,1.000624405626296,0.0003679777867268924,3552
id_2000_k15,3,0.6779661016949152,1.0005807794125956,0.00033094125149741145,3552
id_2000_k15,3,0.6949152542372882,1.0005371531988965,0.0003678681980857415,3552
id_2000_k15,3,0.711864406779661,1.0004935269851956,0.000461326727152193,3552
id_2000_k15,3,0.7288135593220338,1.000538501492319,0.0003910481691229875,3552
id_2000_k15,3,0.7457627118644068,1.0005982427862528,0.00033769414409794547,3552
id_2000_k15,3,0.7627118644067796,1.0006579840801797,0.0003574330581655348,3552
id_2000_k15,3,0.7796610169491526,1.0007177253741104,0.0004405472039509593,3552
id_2000_k15,3,0.7966101694915254,1.0006678500095396,0.0004144584910403413,3552
id_2000_k15,3,0.8135593220338984,1.0005570765013578,0.00035462127919587785,3552
id_2000_k15,3,0.8305084745762712,1.0004463029931787,0.00036735780614750337,3552
id_2000_k15,3,0.847457627118644,1.0003355294850012,0.0004465001220967308,3552
id_2000_k15,3,0.864406779661017,1.000162452136523,0.00046214547756761367,3552
id_2000_k15,3,0.8813559322033898,0.9999063030009858,0.00037882357991002297,3552
id_2000_k15,3,0.8983050847457628,0.9996501538654503,0.00036071128399366327,3552
id_2000_k15,3,0.9152542372881356,0.999394004729914,0.0004164065556036955,3552
id_2000_k15,3,0.9322033898305084,0.9991922382797751,0.000473309091777793,3552
id_2000_k15,3,0.9491525423728814,0.9991898750094236,0.0003866776673289683,3552
id_2000_k15,3,0.9661016949152542,0.9991875117390666,0.00036079301033986323,3552
id_2000_k15,3,0.9830508474576272,0.9991851484687186,0.0004074032769344204,3552
id_2000_k15,3,1.0,0.9991827851983609,0.0005068896523419868,3552
id_2000_k15,4,0.0,1.0020326004271303,0.0003149860208389292,3552
id_2000_k15,4,0.01694915254237288,1.001947485770851,0.00025905144514423283,3552
id_2000_k15,4,0.03389830508474576,1.0018623711145678,0.00023489553851034978,3552
id_2000_k15,4,0.05084745762711865,1.0017772564582879,0.0002518352272145392,3552
id_2000_k15,4,0.06779661016949153,1.0016921418020053,0.0003030558598570705,3552
id_2000_k15,4,0.0847457627118644,1.001583949130176,0.00026806174736935867,3552
id_2000_k15,4,0.1016949152542373,1.001469462454106,0.00023274636584384164,3552
id_2000_k15,4,0.11864406779661017,1.0013549757780353,0.00023997566126692668,3552
id_2000_k15,4,0.13559322033898305,1.0012404891019662,0.0002865474515043959,3552
id_2000_k15,4,0.15254237288135594,1.0011129177683609,0.00027605452381179897,3552
id_2000_k15,4,0.1694915254237288,1.0009755329415944,0.00023061675016275763,3552
id_2000_k15,4,0.1864406779661017,1.0008381481148303,0.0002276072826278631,3552
id_2000_k15,4,0.2033898305084746,1.000700763288067,0.000268456829054102,3552
id_2000_k15,4,0.22033898305084745,1.0006158118753268,0.0002870686987489763,3552
id_2000_k15,4,0.23728813559322035,1.0006252406078242,0.00023910170270152764,3552
id_2000_k15,4,0.2542372881355932,1.000634669340325,0.00023018502718201697,3552
id_2000_k15,4,0.2711864406779661,1.000644098072821,0.0002643009748628997,3552
id_2000_k15,4,0.288135593220339,1.0006383108488512,0.00030759806752684806,3552
id_2000_k15,4,0.3050847457627119,1.0005412278860408,0.00024875750136270635,3552
id_2000_k15,4,0.3220338983050847,1.0004441449232357,0.00022569812568017363,3552
id_2000_k15,4,0.3389830508474576,1.0003470619604302,0.00024858523588546264,3552
id_2000_k15,4,0.3559322033898305,1.0002499789976242,0.0003073194123030308,3552
id_2000_k15,4,0.3728813559322034,1.0002615072807517,0.000252960186324716,3552
id_2000_k15,4,0.3898305084745763,1.0002813902751087,0.0002226457466611675,3552
id_2000_k15,4,0.4067796610169492,1.0003012732694676,0.0002403157792305344,3552
id_2000_k15,4,0.423728813559322,1.000321156263822,0.0002975407393753773,3552
id_2000_k15,4,0.4406779661016949,1.000265083814276,0.0002705414899011161,3552
id_2000_k15,4,0.4576271186440678,1.0001786291871726,0.0002292336710586171,3552
id_2000_k15,4,0.4745762711864407,1.000092174560071,0.00023240637265717272,3552
id_2000_k15,4,0.4915254237288136,1.000005719932967,0.00027854377765780113,3552
id_2000_k15,4,0.5084745762711864,0.9999382782833871,0.00027638297609291156,3552
id_2000_k15,4,0.5254237288135594,0.9998898496113278,0.00022740644937216647,3552
id_2000_k15,4,0.5423728813559322,0.9998414209392682,0.0002255661310669221,3552
id_2000_k15,4,0.559322033898305,0.9997929922672047,0.00027182109608951785,3552
id_2000_k15,4,0.576271186440678,0.9997413059803787,0.00030185955384929257,3552
id_2000_k15,4,0.5932203389830508,0.9996814756566187,0.00024257194226835163,3552
id_2000_k15,4,0.6101694915254238,0.9996216453328597,0.00022686829290123956,3552
id_2000_k15,4,0.6271186440677966,0.9995618150090952,0.0002626850123138727,3552
id_2000_k15,4,0.6440677966101694,0.9995039477884623,0.00032253643995306,3552
id_2000_k15,4,0.6610169491525424,0.9994716009084975,0.00025936015828471323,3552
id_2000_k15,4,0.6779661016949152,0.9994392540285374,0.00023415315308810048,3552
id_2000_k15,4,0.6949152542372882,0.9994069071485759,0.00025828235960761444,3552
id_2000_k15,4,0.711864406779661,0.9993745602686084,0.00032080200475621167,3552
id_2000_k15,4,0.7288135593220338,0.9993490096116805,0.00027252539917201816,3552
id_2000_k15,4,0.7457627118644068,0.9993245916585839,0.00023683584462666214,3552
id_2000_k15,4,0.7627118644067796,0.999300173705492,0.0002516272005023631,3552
id_2000_k15,4,0.7796610169491526,0.9992757557523996,0.000309750198372436,3552
id_2000_k15,4,0.7966101694915254,0.9992344259088345,0.0002899788482699161,3552
id_2000_k15,4,0.8135593220338984,0.9991837005705638,0.0002442922378212952,3552
id_2000_k15,4,0.8305084745762712,0.9991329752322903,0.0002484666720304569,3552
id_2000_k15,4,0.847457627118644,0.9990822498940182,0.0003004308595907041,3552
id_2000_k15,4,0.864406779661017,0.9989808819611272,0.00031166591133302465,3552
id_2000_k15,4,0.8813559322033898,0.99881199056874,0.00025739008993609305,3552
id_2000_k15,4,0.8983050847457628,0.9986430991763559,0.00024843194428422115,3552
id_2000_k15,4,0.9152542372881356,0.9984742077839673,0.00028903625709870577,3552
id_2000_k15,4,0.9322033898305084,0.9983245818890635,0.0003276966652635864,3552
id_2000_k15,4,0.9491525423728814,0.9982455961516009,0.0002629741561115863,3552
id_2000_k15,4,0.9661016949152542,0.9981666104141405,0.00024207464864571586,3552
id_2000_k15,4,0.9830508474576272,0.998087624676671,0.0002751713841007317,3552
id_2000_k15,4,1.0,0.9980086389392078,0.0003471496393711187,3552
retrograde_2000_k60,1,0.0,1.0019080996144194,0.0003132430853687176,3552
retrograde_2000_k60,1,0.01694915254237288,1.0016977781312422,0.0003068189775683792,3552
retrograde_2000_k60,1,0.03389830508474576,1.0014302330846723,0.00029957202444160885,3552
retrograde_2000_k60,1,0.05084745762711865,1.0013131432335924,0.00030887607334730466,3552
retrograde_2000_k60,1,0.06779661016949153,1.0012345506499212,0.00030134462658416286,3552
retrograde_2000_k60,1,0.0847457627118644,1.0011243108190127,0.00030083637868182246,3552
retrograde_2000_k60,1,0.1016949152542373,1.0012180410023477,0.0003011442034013904,3552
retrograde_2000_k60,1,0.11864406779661017,1.0011147479149136,0.0003075013846856028,3552
retrograde_2000_k60,1,0.13559322033898305,1.0009227651129435,0.00030770663827560564,3552
retrograde_2000_k60,1,0.15254237288135594,1.0008859059496507,0.0003017239195899185,3552
retrograde_2000_k60,1,0.1694915254237288,1.0008076574686948,0.0003127188179898748,3552
retrograde_2000_k60,1,0.1864406779661017,1.0006098235445517,0.0003029399539941254,3552
retrograde_2000_k60,1,0.2033898305084746,1.0006983965165444,0.0003078633552785672,3552
retrograde_2000_k60,1,0.22033898305084745,1.0005513170885074,0.0002978095897453512,3552
retrograde_2000_k60,1,0.23728813559322035,1.0003606314594682,0.00029962973466479237,3552
retrograde_2000_k60,1,0.2542372881355932,1.0004482427528043,0.00030248676452497526,3552
retrograde_2000_k60,1,0.2711864406779661,1.0004025779933006,0.000310016806886641,3552
retrograde_2000_k60,1,0.288135593220339,1.0003737358393165,0.00030256415447068663,3552
retrograde_2000_k60,1,0.3050847457627119,1.0003318128486474,0.00030499387008304634,3552
retrograde_2000_k60,1,0.3220338983050847,1.0001664347611032,0.00030904885993275464,3552
retrograde_2000_k60,1,0.3389830508474576,1.0001512199371785,0.00031092792812682785,3552
retrograde_2000_k60,1,0.3559322033898305,1.0000904672485482,0.0003127825317019083,3552
retrograde_2000_k60,1,0.3728813559322034,1.0001248584070184,0.0003014149937839503,3552
retrograde_2000_k60,1,0.3898305084745763,1.0000659511466552,0.000305039570017063,3552
retrograde_2000_k60,1,0.4067796610169492,0.9999661853553744,0.0003078515726319432,3552
retrograde_2000_k60,1,0.423728813559322,0.9998415136827273,0.0003100066724122953,3552
retrograde_2000_k60,1,0.4406779661016949,0.9998675110405898,0.0003095458298782661,3552
retrograde_2000_k60,1,0.4576271186440678,0.9997556794535469,0.0003032638939124333,3552
retrograde_2000_k60,1,0.4745762711864407,0.9997974319534527,0.00030457846357969954,3552
retrograde_2000_k60,1,0.4915254237288136,0.9998431213468582,0.0003078253970919016,3552
retrograde_2000_k60,1,0.5084745762711864,0.9997764973825699,0.0003083933967248445,3552
retrograde_2000_k60,1,0.5254237288135594,0.9998161624949258,0.00030425003616369785,3552
retrograde_2000_k60,1,0.5423728813559322,0.9998730430463413,0.0003025574379303821,3552
retrograde_2000_k60,1,0.559322033898305,0.9993753870026217,0.00030483384447548955,3552
retrograde_2000_k60,1,0.576271186440678,0.999945234926837,0.0003117705319482028,3552
retrograde_2000_k60,1,0.5932203389830508,0.9995604038809065,0.0003157876301376054,3552
retrograde_2000_k60,1,0.6101694915254238,0.999666947854666,0.0003063720330689222,3552
retrograde_2000_k60,1,0.6271186440677966,0.9995868749211769,0.0003158550592088226,3552
retrograde_2000_k60,1,0.6440677966101694,0.9996166302579211,0.0003084326000196146,3552
retrograde_2000_k60,1,0.6610169491525424,0.9994246863197904,0.0003206278678327501,3552
retrograde_2000_k60,1,0.6779661016949152,0.999480849450773,0.00031339306821328027,3552
retrograde_2000_k60,1,0.6949152542372882,0.9994576618679472,0.0003166384729727937,3552
retrograde_2000_k60,1,0.711864406779661,0.9992228224873543,0.00031000785533737705,3552
retrograde_2000_k60,1,0.7288135593220338,0.9993871563021932,0.0003189602745209076,3552
retrograde_2000_k60,1,0.7457627118644068,0.9994112972405043,0.00031689737140580434,3552
retrograde_2000_k60,1,0.7627118644067796,0.9993967967661651,0.00031683933139632295,3552
retrograde_2000_k60,1,0.7796610169491526,0.9992863225104572,0.00031201593729332603,3552
retrograde_2000_k60,1,0.7966101694915254,0.9994759144144015,0.00031692647344554794,3552
retrograde_2000_k60,1,0.8135593220338984,0.9993037118131781,0.00031579418071167354,3552
retrograde_2000_k60,1,0.8305084745762712,0.9994047441024769,0.0003214372588702917,3552
retrograde_2000_k60,1,0.847457627118644,0.9993261131416032,0.0003253690284181745,3552
retrograde_2000_k60,1,0.864406779661017,0.999075675920189,0.00032435625613770136,3552
retrograde_2000_k60,1,0.8813559322033898,0.9993886775798626,0.00031752068101748287,3552
retrograde_2000_k60,1,0.8983050847457628,0.9994193903665554,0.0003267370758463355,3552
retrograde_2000_k60,1,0.9152542372881356,0.9991419075207936,0.00032837825264965125,3552
retrograde_2000_k60,1,0.9322033898305084,0.9992831604269979,0.0003255376422171681,3552
retrograde_2000_k60,1,0.9491525423728814,0.9990973620432185,0.00032829968950524337,3552
retrograde_2000_k60,1,0.9661016949152542,0.9990677480493579,0.0003322988180832724,3552
retrograde_2000_k60,1,0.9830508474576272,0.9993051474427318,0.00033642276219988764,3552
retrograde_2000_k60,1,1.0,0.9993215319910297,0.000342307947094206,3552
retrograde_2000_k60,2,0.0,1.0004232136348077,0.0010203755222129532,3552
retrograde_2000_k60,2,0.01694915254237288,0.9996650500374066,0.0009842336923655346,3552
retrograde_2000_k60,2,0.03389830508474576,1.0002426972260345,0.0009904141630313955,3552
retrograde_2000_k60,2,0.05084745762711865,0.999967317038157,0.0009585699535653937,3552
retrograde_2000_k60,2,0.06779661016949153,1.000176427483156,0.0009543228855202791,3552
retrograde_2000_k60,2,0.0847457627118644,1.0005080712506094,0.000956011729907172,3552
retrograde_2000_k60,2,0.1016949152542373,1.0001062778168701,0.0009416806800656939,3552
retrograde_2000_k60,2,0.11864406779661017,0.9994120337740258,0.0009481251335660339,3552
retrograde_2000_k60,2,0.13559322033898305,1.0000778395548329,0.0009146803391698666,3552
retrograde_2000_k60,2,0.15254237288135594,1.000039293925773,0.0009149110173550295,3552
retrograde_2000_k60,2,0.1694915254237288,0.9988568704239689,0.0009235721878257726,3552
retrograde_2000_k60,2,0.1864406779661017,1.0000101292489079,0.0009061926987683808,3552
retrograde_2000_k60,2,0.2033898305084746,1.0001527783670672,0.00090863147909618,3552
retrograde_2000_k60,2,0.22033898305084745,1.0000982086367167,0.0009106037717448779,3552
retrograde_2000_k60,2,0.23728813559322035,1.0004920499684575,0.0009172667981164156,3552
retrograde_2000_k60,2,0.2542372881355932,0.9994470225227577,0.0009006193235975379,3552
retrograde_2000_k60,2,0.2711864406779661,0.9991899747737087,0.0009183043934869311,3552
retrograde_2000_k60,2,0.288135593220339,0.9994014737506708,0.0009047495354494045,3552
retrograde_2000_k60,2,0.3050847457627119,0.9990538394095393,0.0008933467591972787,3552
retrograde_2000_k60,2,0.3220338983050847,1.000013759661768,0.0009070180311817826,3552
retrograde_2000_k60,2,0.3389830508474576,0.9996891995170364,0.0008963836764794114,3552
retrograde_2000_k60,2,0.3559322033898305,0.9998572123580957,0.0008951948620589146,3552
retrograde_2000_k60,2,0.3728813559322034,0.9995834499698233,0.0008914863324642376,3552
retrograde_2000_k60,2,0.3898305084745763,0.9996739141307436,0.000894518266651944,3552
retrograde_2000_k60,2,0.4067796610169492,1.000204248555206,0.0008972919129654985,3552
retrograde_2000_k60,2,0.423728813559322,1.0000261682345792,0.0008817269385100582,3552
retrograde_2000_k60,2,0.4406779661016949,0.9994995896075223,0.0008848969932201365,3552
retrograde_2000_k60,2,0.4576271186440678,0.999948207674934,0.0008909341805857398,3552
retrograde_2000_k60,2,0.4745762711864407,0.9996991128333517,0.0008787226680620639,3552
retrograde_2000_k60,2,0.4915254237288136,0.999136638114447,0.000869968301624992,3552
retrograde_2000_k60,2,0.5084745762711864,0.9992623605874477,0.0008823772012318833,3552
retrograde_2000_k60,2,0.5254237288135594,0.9990898500624541,0.0008759058536613974,3552
retrograde_2000_k60,2,0.5423728813559322,0.9999816154238877,0.0008739451216347304,3552
retrograde_2000_k60,2,0.559322033898305,1.0005527544296808,0.0008770828497598061,3552
retrograde_2000_k60,2,0.576271186440678,0.9998194093539102,0.0008686779175059018,3552
retrograde_2000_k60,2,0.5932203389830508,0.9995022288917959,0.0008953489375701735,3552
retrograde_2000_k60,2,0.6101694915254238,1.0001763474733174,0.0008706345426220132,3552
retrograde_2000_k60,2,0.6271186440677966,1.0002817284684997,0.0008980671081119999,3552
retrograde_2000_k60,2,0.6440677966101694,0.9998088141416644,0.0008942632516619642,3552
retrograde_2000_k60,2,0.6610169491525424,1.0002003388294765,0.0008731575351694376,3552
retrograde_2000_k60,2,0.6779661016949152,1.000539730428844,0.0008810158150252166,3552
retrograde_2000_k60,2,0.6949152542372882,0.99950598750834,0.0008693771519022567,3552
retrograde_2000_k60,2,0.711864406779661,1.0006195328760523,0.000879756793275916,3552
retrograde_2000_k60,2,0.7288135593220338,1.0000123558817684,0.0009031234369761124,3552
retrograde_2000_k60,2,0.7457627118644068,1.0000036685551341,0.0008752574937197119,3552
retrograde_2000_k60,2,0.7627118644067796,1.0007959150516235,0.0009059176010478774,3552
retrograde_2000_k60,2,0.7796610169491526,1.0011379626990706,0.0008924859592933734,3552
retrograde_2000_k60,2,0.7966101694915254,1.0000215663599807,0.0008859328244329902,3552
retrograde_2000_k60,2,0.8135593220338984,1.0005567260086536,0.0008837869348798077,3552
retrograde_2000_k60,2,0.8305084745762712,0.9998526603386209,0.0009018684368224896,3552
retrograde_2000_k60,2,0.847457627118644,1.0001377710518804,0.0009021952898194321,3552
retrograde_2000_k60,2,0.864406779661017,1.0007129908279255,0.0009054589849384607,3552
retrograde_2000_k60,2,0.8813559322033898,1.0007183088811937,0.0009117069212624268,3552
retrograde_2000_k60,2,0.8983050847457628,1.0005181408613115,0.0009131835757996309,3552
retrograde_2000_k60,2,0.9152542372881356,1.0002658540500446,0.0009190155245866101,3552
retrograde_2000_k60,2,0.9322033898305084,1.000750103663351,0.0009261746721140555,3552
retrograde_2000_k60,2,0.9491525423728814,1.0007074591745664,0.0009201144345681666,3552
retrograde_2000_k60,2,0.9661016949152542,0.9998096003625039,0.0009290665317836433,3552
retrograde_2000_k60,2,0.9830508474576272,1.0001183981663204,0.00094197110662399,3552
retrograde_2000_k60,2,1.0,0.9998877709311945,0.0009485336124093555,3552
retrograde_2000_k60,3,0.0,0.9954289450973004,0.0004593933477996468,3552
retrograde_2000_k60,3,0.01694915254237288,0.9963215198367834,0.00044833463392363233,3552
retrograde_2000_k60,3,0.03389830508474576,0.9968650919292961,0.0004396487040669282,3552
retrograde_2000_k60,3,0.05084745762711865,0.9973632836932534,0.0004415044933074219,3552
retrograde_2000_k60,3,0.06779661016949153,0.9978061948172949,0.0004357276345802313,3552
retrograde_2000_k60,3,0.0847457627118644,0.9979355546670992,0.0004366018031491733,3552
retrograde_2000_k60,3,0.1016949152542373,0.9985106373289684,0.0004339331962915819,3552
retrograde_2000_k60,3,0.11864406779661017,0.9984547282225108,0.00043067351706654487,3552
retrograde_2000_k60,3,0.13559322033898305,0.9984232910010997,0.0004308016331322857,3552
retrograde_2000_k60,3,0.15254237288135594,0.9986609633642811,0.0004253999294568929,3552
retrograde_2000_k60,3,0.1694915254237288,0.9986201769227648,0.00042078321723621295,3552
retrograde_2000_k60,3,0.1864406779661017,0.9988557209369836,0.00042583174534568594,3552
retrograde_2000_k60,3,0.2033898305084746,0.9991097548590587,0.00043373673660198904,3552
retrograde_2000_k60,3,0.22033898305084745,0.9991011103732629,0.00043670065120489826,3552
retrograde_2000_k60,3,0.23728813559322035,0.9993903595148712,0.0004219584500584735,3552
retrograde_2000_k60,3,0.2542372881355932,0.9993128599347295,0.0004248563798841934,3552
retrograde_2000_k60,3,0.2711864406779661,0.998995651767866,0.00042095407040869685,3552
retrograde_2000_k60,3,0.288135593220339,0.9994502647670808,0.0004328918500776673,3552
retrograde_2000_k60,3,0.3050847457627119,0.999649217721444,0.0004271163427257389,3552
retrograde_2000_k60,3,0.3220338983050847,0.9996661239278477,0.00042110866867794516,3552
retrograde_2000_k60,3,0.3389830508474576,0.9995381481408536,0.00043136760623954234,3552
retrograde_2000_k60,3,0.3559322033898305,0.9998462544502439,0.0004281422930487976,3552
retrograde_2000_k60,3,0.3728813559322034,0.9993343920455323,0.0004256459632891963,3552
retrograde_2000_k60,3,0.3898305084745763,0.9997866685997259,0.00042700382572380944,3552
retrograde_2000_k60,3,0.4067796610169492,1.0000734914866116,0.0004279929190985883,3552
retrograde_2000_k60,3,0.423728813559322,0.9996963262826473,0.0004218542249479522,3552
retrograde_2000_k60,3,0.4406779661016949,1.0003287834492889,0.0004258664254880134,3552
retrograde_2000_k60,3,0.4576271186440678,1.0000297238563631,0.0004216387188623756,3552
retrograde_2000_k60,3,0.4745762711864407,1.0004548667552504,0.00042132803331361803,3552
retrograde_2000_k60,3,0.4915254237288136,0.999972594549527,0.0004216232742940999,3552
retrograde_2000_k60,3,0.5084745762711864,1.0000446345824916,0.0004343665834979307,3552
retrograde_2000_k60,3,0.5254237288135594,1.0001248961801197,0.00042846409082161285,3552
retrograde_2000_k60,3,0.5423728813559322,1.0003119209898754,0.00043337432613570025,3552
retrograde_2000_k60,3,0.559322033898305,1.0006938662447102,0.00042193420015135247,3552
retrograde_2000_k60,3,0.576271186440678,1.0003928486257792,0.0004248238614253137,3552
retrograde_2000_k60,3,0.5932203389830508,1.0004895412203696,0.00043364517989237484,3552
retrograde_2000_k60,3,0.6101694915254238,1.0005823075100109,0.00042821543270951277,3552
retrograde_2000_k60,3,0.6271186440677966,1.0006471945660877,0.00042988006742189966,3552
retrograde_2000_k60,3,0.6440677966101694,1.000849536863399,0.00042842773169924616,3552
retrograde_2000_k60,3,0.6610169491525424,1.0011118227062192,0.000439659945005959,3552
retrograde_2000_k60,3,0.6779661016949152,1.0009531630454838,0.0004516856084158333,3552
retrograde_2000_k60,3,0.6949152542372882,1.0008363996775032,0.00043270677066968805,3552
retrograde_2000_k60,3,0.711864406779661,1.0009643010090332,0.00043644576525604054,3552
retrograde_2000_k60,3,0.7288135593220338,1.0012851744588163,0.0004392409043136272,3552
retrograde_2000_k60,3,0.7457627118644068,1.0011357307132032,0.00043915243794699773,3552
retrograde_2000_k60,3,0.7627118644067796,1.001435970031732,0.0004380627859218604,3552
retrograde_2000_k60,3,0.7796610169491526,1.0013878925930004,0.0004344255936834721,3552
retrograde_2000_k60,3,0.7966101694915254,1.0015205412196952,0.0004421753673081567,3552
retrograde_2000_k60,3,0.8135593220338984,1.0016038540482253,0.00043714442502079356,3552
retrograde_2000_k60,3,0.8305084745762712,1.0014260516812403,0.0004452482025979604,3552
retrograde_2000_k60,3,0.847457627118644,1.001609582537869,0.00044647667671687835,3552
retrograde_2000_k60,3,0.864406779661017,1.0013085261725627,0.0004522822958296034,3552
retrograde_2000_k60,3,0.8813559322033898,1.0017038470822144,0.0004572109175226033,3552
retrograde_2000_k60,3,0.8983050847457628,1.0015052280950922,0.00044928421131770036,3552
retrograde_2000_k60,3,0.9152542372881356,1.0014618240666013,0.0004482191608667207,3552
retrograde_2000_k60,3,0.9322033898305084,1.001677130105662,0.0004528369434998689,3552
retrograde_2000_k60,3,0.9491525423728814,1.00152570507615,0.00046091094412567925,3552
retrograde_2000_k60,3,0.9661016949152542,1.0018074001345012,0.0004535487199574949,3552
retrograde_2000_k60,3,0.9830508474576272,1.0012076454119638,0.00046554567753749257,3552
retrograde_2000_k60,3,1.0,1.0014127808547504,0.00047538128654485754,3552
retrograde_2000_k60,4,0.0,1.004177362414765,0.0003428068129664694,3552
retrograde_2000_k60,4,0.01694915254237288,1.0034394991491828,0.00032175693444865525,3552
retrograde_2000_k60,4,0.03389830508474576,1.00303600647965,0.0003278823397881195,3552
retrograde_2000_k60,4,0.05084745762711865,1.0025734303032492,0.00030914138924601864,3552
retrograde_2000_k60,4,0.06779661016949153,1.0025158185713194,0.00031082014101926144,3552
retrograde_2000_k60,4,0.0847457627118644,1.0020049972677822,0.00030096711621812217,3552
retrograde_2000_k60,4,0.1016949152542373,1.0019503254779019,0.0002982523572543673,3552
retrograde_2000_k60,4,0.11864406779661017,1.0015684110993468,0.00030823981334858523,3552
retrograde_2000_k60,4,0.13559322033898305,1.001463866901693,0.0002998422105824147,3552
retrograde_2000_k60,4,0.15254237288135594,1.0013741708050172,0.00029512558593583103,3552
retrograde_2000_k60,4,0.1694915254237288,1.0009360497498565,0.0002941231935220603,3552
retrograde_2000_k60,4,0.1864406779661017,1.001117202528828,0.0002912341050934676,3552
retrograde_2000_k60,4,0.2033898305084746,1.00100558580042,0.00028974891847748595,3552
retrograde_2000_k60,4,0.22033898305084745,1.0009594776810289,0.000297763298217633,3552
retrograde_2000_k60,4,0.23728813559322035,1.0010594503937271,0.00028893275951595826,3552
retrograde_2000_k60,4,0.2542372881355932,1.0007490697610486,0.000292083701362853,3552
retrograde_2000_k60,4,0.2711864406779661,1.0004698057231065,0.0002892767971577856,3552
retrograde_2000_k60,4,0.288135593220339,1.000431009912276,0.00029313800298890076,3552
retrograde_2000_k60,4,0.3050847457627119,1.0003205119288183,0.00028806792779436264,3552
retrograde_2000_k60,4,0.3220338983050847,1.0004754103552382,0.0002861034574963901,3552
retrograde_2000_k60,4,0.3389830508474576,1.0001573168446083,0.00028610662648471046,3552
retrograde_2000_k60,4,0.3559322033898305,1.0002224534783546,0.0002822629663466262,3552
retrograde_2000_k60,4,0.3728813559322034,0.9999794448885295,0.00028606065308586787,3552
retrograde_2000_k60,4,0.3898305084745763,0.9999401397197634,0.0002830526221364658,3552
retrograde_2000_k60,4,0.4067796610169492,1.0000460797769797,0.0002914836191331422,3552
retrograde_2000_k60,4,0.423728813559322,0.9998114336751871,0.0002859660502079017,3552
retrograde_2000_k60,4,0.4406779661016949,0.999703881238495,0.00028677802660681567,3552
retrograde_2000_k60,4,0.4576271186440678,0.999762183122404,0.0002866840963718121,3552
retrograde_2000_k60,4,0.4745762711864407,0.999660209089786,0.00029137867961901294,3552
retrograde_2000_k60,4,0.4915254237288136,0.9995889084430428,0.000283515500400462,3552
retrograde_2000_k60,4,0.5084745762711864,0.9994291101523616,0.00028405505017794087,3552
retrograde_2000_k60,4,0.5254237288135594,0.9994343309956897,0.0002891687903018216,3552
retrograde_2000_k60,4,0.5423728813559322,0.9994361252935083,0.0002856870847515502,3552
retrograde_2000_k60,4,0.559322033898305,0.9997058337772483,0.0002871404634356522,3552
retrograde_2000_k60,4,0.576271186440678,0.9993132392934583,0.0002819321378761611,3552
retrograde_2000_k60,4,0.5932203389830508,0.9993476603884954,0.000284482188481118,3552
retrograde_2000_k60,4,0.6101694915254238,0.9993158003466355,0.0002847627151637774,3552
retrograde_2000_k60,4,0.6271186440677966,0.9994188764610806,0.0002892900793910171,3552
retrograde_2000_k60,4,0.6440677966101694,0.9991938989475235,0.000285587663810454,3552
retrograde_2000_k60,4,0.6610169491525424,0.9991846407117607,0.00028503429393631125,3552
retrograde_2000_k60,4,0.6779661016949152,0.9991323438783487,0.00029358934973104157,3552
retrograde_2000_k60,4,0.6949152542372882,0.9988940658534432,0.00028726059771614054,3552
retrograde_2000_k60,4,0.711864406779661,0.9992607479059213,0.0002879444447930013,3552
retrograde_2000_k60,4,0.7288135593220338,0.9989163115083635,0.0002963796630296582,3552
retrograde_2000_k60,4,0.7457627118644068,0.9989872715427531,0.0002835163791357698,3552
retrograde_2000_k60,4,0.7627118644067796,0.9990540064435016,0.00029328586698412,3552
retrograde_2000_k60,4,0.7796610169491526,0.9990883572278796,0.0002929538064566472,3552
retrograde_2000_k60,4,0.7966101694915254,0.9987441542650666,0.00029825124212088587,3552
retrograde_2000_k60,4,0.8135593220338984,0.9990345271690203,0.00030370592678414865,3552
retrograde_2000_k60,4,0.8305084745762712,0.9987413802494606,0.0003061536727550325,3552
retrograde_2000_k60,4,0.847457627118644,0.9987705144527796,0.0003046951542949215,3552
retrograde_2000_k60,4,0.864406779661017,0.998887576246718,0.0003016099322245772,3552
retrograde_2000_k60,4,0.8813559322033898,0.9987900865742484,0.00030958830276875437,3552
retrograde_2000_k60,4,0.8983050847457628,0.9985807110798789,0.0003035595165845414,3552
retrograde_2000_k60,4,0.9152542372881356,0.9985996334905829,0.0003037227917921532,3552
retrograde_2000_k60,4,0.9322033898305084,0.9985871463007218,0.0003078369852222616,3552
retrograde_2000_k60,4,0.9491525423728814,0.9986347153547916,0.0003058691217105615,3552
retrograde_2000_k60,4,0.9661016949152542,0.9984520995603489,0.0003136357044478536,3552
retrograde_2000_k60,4,0.9830508474576272,0.9982821312774947,0.0003156472971456737,3552
retrograde_2000_k60,4,1.0,0.9982832011573755,0.00031427901435171463,3552
team9_2000_k60,1,0.0,1.0041690782473252,0.0003732778196800679,2664
team9_2000_k60,1,0.01694915254237288,1.003277102971936,0.00035405347689145835,2664
team9_2000_k60,1,0.03389830508474576,1.0032784852224428,0.0003521848725336875,2664
team9_2000_k60,1,0.05084745762711865,1.0032879153753187,0.00035414028398958344,2664
team9_2000_k60,1,0.06779661016949153,1.002754576616101,0.0003505990229121235,2664
team9_2000_k60,1,0.0847457627118644,1.0026047752426193,0.00034432976468154285,2664
team9_2000_k60,1,0.1016949152542373,1.0022847529377665,0.00036297298788951323,2664
team9_2000_k60,1,0.11864406779661017,1.0019677369533717,0.00034576475908681926,2664
team9_2000_k60,1,0.13559322033898305,1.0018059417560652,0.0003582511582140471,2664
team9_2000_k60,1,0.15254237288135594,1.0016779735147416,0.00035351297930455666,2664
team9_2000_k60,1,0.1694915254237288,1.001778522366518,0.0003596354536340113,2664
team9_2000_k60,1,0.1864406779661017,1.001471375112419,0.0003507479537442493,2664
team9_2000_k60,1,0.2033898305084746,1.0010470968556475,0.0003560739114052485,2664
team9_2000_k60,1,0.22033898305084745,1.0011199126998942,0.0003565832114336697,2664
team9_2000_k60,1,0.23728813559322035,1.0009823461865877,0.0003526090393568597,2664
team9_2000_k60,1,0.2542372881355932,1.0011510998010635,0.00035145108229818223,2664
team9_2000_k60,1,0.2711864406779661,1.0007114176590879,0.0003575823293183562,2664
team9_2000_k60,1,0.288135593220339,1.00075214508328,0.0003526219797306527,2664
team9_2000_k60,1,0.3050847457627119,1.0009365022719443,0.00034904738060202923,2664
team9_2000_k60,1,0.3220338983050847,1.0002030188122668,0.00035329021126978197,2664
team9_2000_k60,1,0.3389830508474576,1.0004197143398605,0.00035327496296460464,2664
team9_2000_k60,1,0.3559322033898305,1.0004280995767754,0.00035597087379659893,2664
team9_2000_k60,1,0.3728813559322034,0.999936617731869,0.0003574806372268147,2664
team9_2000_k60,1,0.3898305084745763,1.0002108030356802,0.00036242357025222956,2664
team9_2000_k60,1,0.4067796610169492,1.0001852784205127,0.0003575983996284661,2664
team9_2000_k60,1,0.423728813559322,0.9998679235577583,0.0003541228800759555,2664
team9_2000_k60,1,0.4406779661016949,0.999843949424075,0.0003563580862838996,2664
team9_2000_k60,1,0.4576271186440678,0.9999488936485471,0.0003705375498496262,2664
team9_2000_k60,1,0.4745762711864407,0.9997484804139481,0.00035257831477444066,2664
team9_2000_k60,1,0.4915254237288136,1.0000331058829754,0.00036444527463101565,2664
team9_2000_k60,1,0.5084745762711864,0.9997259874467377,0.0003639908318375722,2664
team9_2000_k60,1,0.5254237288135594,0.9996232684847113,0.0003603947013996545,2664
team9_2000_k60,1,0.5423728813559322,0.9997652528119517,0.0003588571008692964,2664
team9_2000_k60,1,0.559322033898305,0.9995362609177381,0.00036058761539253657,2664
team9_2000_k60,1,0.576271186440678,0.9994098052561462,0.00036298060260269463,2664
team9_2000_k60,1,0.5932203389830508,0.9992979458189225,0.00036922469504548886,2664
team9_2000_k60,1,0.6101694915254238,0.999067994544993,0.0003637995181337465,2664
team9_2000_k60,1,0.6271186440677966,0.9993693585376123,0.00035879828199543836,2664
team9_2000_k60,1,0.6440677966101694,0.9992818949414087,0.00037120201194925804,2664
team9_2000_k60,1,0.6610169491525424,0.9989987523392873,0.0003706689646915597,2664
team9_2000_k60,1,0.6779661016949152,0.9989348836802505,0.00036105006079201353,2664
team9_2000_k60,1,0.6949152542372882,0.9989859331790749,0.00037587687845991427,2664
team9_2000_k60,1,0.711864406779661,0.9984976642572128,0.00036396195183768847,2664
team9_2000_k60,1,0.7288135593220338,0.9986667038128899,0.0003721739435194299,2664
team9_2000_k60,1,0.7457627118644068,0.998706310316249,0.0003786632608924312,2664
team9_2000_k60,1,0.7627118644067796,0.9986780012199828,0.0003747937989024053,2664
team9_2000_k60,1,0.7796610169491526,0.9984962834610237,0.00038873460320970214,2664
team9_2000_k60,1,0.7966101694915254,0.9983668916665756,0.00038633946184865733,2664
team9_2000_k60,1,0.8135593220338984,0.998234689369932,0.0003790374704921741,2664
team9_2000_k60,1,0.8305084745762712,0.9986846558414064,0.00038226404578412855,2664
team9_2000_k60,1,0.847457627118644,0.9986369197477808,0.00039750613441548623,2664
team9_2000_k60,1,0.864406779661017,0.9984145209237978,0.00037783283479176,2664
team9_2000_k60,1,0.8813559322033898,0.9982383305783028,0.0003971415169762178,2664
team9_2000_k60,1,0.8983050847457628,0.9981618979805941,0.00038418894076739323,2664
team9_2000_k60,1,0.9152542372881356,0.9980576167906727,0.00038356139043671696,2664
team9_2000_k60,1,0.9322033898305084,0.9984352526453523,0.00039187295509964415,2664
team9_2000_k60,1,0.9491525423728814,0.9981347564551923,0.0003883047356236106,2664
team9_2000_k60,1,0.9661016949152542,0.9982777955653789,0.0003865921274610339,2664
team9_2000_k60,1,0.9830508474576272,0.9977560881693084,0.0003959302535948884,2664
team9_2000_k60,1,1.0,0.9976736899610754,0.0004032183006974263,2664
team9_2000_k60,2,0.0,1.002092270678407,0.0013264049389920772,2664
team9_2000_k60,2,0.01694915254237288,1.0023540917772789,0.0013270612934225458,2664
team9_2000_k60,2,0.03389830508474576,1.0002155748081278,0.0012526259966446703,2664
team9_2000_k60,2,0.05084745762711865,0.9997217705076163,0.001253609547500867,2664
team9_2000_k60,2,0.06779661016949153,0.998966215183964,0.001216273457103534,2664
team9_2000_k60,2,0.0847457627118644,0.9987527143892583,0.0012264076151420448,2664
team9_2000_k60,2,0.1016949152542373,0.9991325650129232,0.001225216918503835,2664
team9_2000_k60,2,0.11864406779661017,0.9988585107095607,0.0012429146760095698,2664
team9_2000_k60,2,0.13559322033898305,0.9991455034495474,0.001206383188536091,2664
team9_2000_k60,2,0.15254237288135594,0.998289339311488,0.001198909759351576,2664
team9_2000_k60,2,0.1694915254237288,0.9983260865594532,0.0012085965507377526,2664
team9_2000_k60,2,0.1864406779661017,0.9986926043579528,0.001189847662466402,2664
team9_2000_k60,2,0.2033898305084746,0.9979860014296151,0.0012214844622988666,2664
team9_2000_k60,2,0.22033898305084745,0.9975412982227924,0.0012143644322593942,2664
team9_2000_k60,2,0.23728813559322035,0.9973905546529157,0.0011820819874939455,2664
team9_2000_k60,2,0.2542372881355932,0.9981598085961543,0.0011899786334340263,2664
team9_2000_k60,2,0.2711864406779661,0.9974066090431657,0.0011701426720686324,2664
team9_2000_k60,2,0.288135593220339,0.998107504782018,0.0011938415970554203,2664
team9_2000_k60,2,0.3050847457627119,0.9985510796621755,0.0011795355867862901,2664
team9_2000_k60,2,0.3220338983050847,0.9989699315469902,0.0011976840550203148,2664
team9_2000_k60,2,0.3389830508474576,0.9976085010054592,0.0011746927519847156,2664
team9_2000_k60,2,0.3559322033898305,0.9988498432679219,0.0011566511738266092,2664
team9_2000_k60,2,0.3728813559322034,0.9987719012452317,0.0011609773259031093,2664
team9_2000_k60,2,0.3898305084745763,0.9989350888508934,0.0011752437309328434,2664
team9_2000_k60,2,0.4067796610169492,0.9988139260325346,0.0011787618387021422,2664
team9_2000_k60,2,0.423728813559322,0.9992857086989615,0.0011701081780339498,2664
team9_2000_k60,2,0.4406779661016949,0.9991559408179991,0.0011729621711877678,2664
team9_2000_k60,2,0.4576271186440678,0.9990264380031878,0.0011808446297305985,2664
team9_2000_k60,2,0.4745762711864407,1.00003840982377,0.001162397286326413,2664
team9_2000_k60,2,0.4915254237288136,0.9994801667270001,0.0011779040529725296,2664
team9_2000_k60,2,0.5084745762711864,1.0000112714754927,0.0011668027765884992,2664
team9_2000_k60,2,0.5254237288135594,0.9996069443297457,0.0011818302405457678,2664
team9_2000_k60,2,0.5423728813559322,0.9989838745814186,0.0011562383947247947,2664
team9_2000_k60,2,0.559322033898305,0.9998296491868861,0.0011589393198263417,2664
team9_2000_k60,2,0.576271186440678,0.9998786120085387,0.0011918965619472255,2664
team9_2000_k60,2,0.5932203389830508,1.0008158132926122,0.0011738623335124487,2664
team9_2000_k60,2,0.6101694915254238,0.9999694727115087,0.0011617202714949522,2664
team9_2000_k60,2,0.6271186440677966,1.0001166922462594,0.0011365985313491638,2664
team9_2000_k60,2,0.6440677966101694,0.9995514849150503,0.001153124934006898,2664
team9_2000_k60,2,0.6610169491525424,1.001101731001078,0.00117641992972507,2664
team9_2000_k60,2,0.6779661016949152,1.0013764216914192,0.0011638807609305418,2664
team9_2000_k60,2,0.6949152542372882,1.0009197095358693,0.0011605578264279673,2664
team9_2000_k60,2,0.711864406779661,1.0020943943847407,0.001202328203491576,2664
team9_2000_k60,2,0.7288135593220338,1.001218397091996,0.0011890404612538478,2664
team9_2000_k60,2,0.7457627118644068,1.0010869933499231,0.0012118567737517197,2664
team9_2000_k60,2,0.7627118644067796,1.0015768197116193,0.0012060375720328554,2664
team9_2000_k60,2,0.7796610169491526,1.0023576228602513,0.0011810536475422393,2664
team9_2000_k60,2,0.7966101694915254,1.001720283348281,0.001226387068019412,2664
team9_2000_k60,2,0.8135593220338984,1.0029902556413286,0.0012353397358580338,2664
team9_2000_k60,2,0.8305084745762712,1.0017687803632147,0.0011982737511905337,2664
team9_2000_k60,2,0.847457627118644,1.0012959894743767,0.0011961070826021858,2664
team9_2000_k60,2,0.864406779661017,1.001580273850007,0.001198910598883135,2664
team9_2000_k60,2,0.8813559322033898,1.0018512735048213,0.001224970280618776,2664
team9_2000_k60,2,0.8983050847457628,1.0021181024230637,0.0012387309411343943,2664
team9_2000_k60,2,0.9152542372881356,1.0014435887649968,0.001226345404144922,2664
team9_2000_k60,2,0.9322033898305084,1.0016394192660536,0.0012321138813923835,2664
team9_2000_k60,2,0.9491525423728814,1.0010713597944192,0.001229647527946882,2664
team9_2000_k60,2,0.9661016949152542,1.001156450436638,0.0012431146344219826,2664
team9_2000_k60,2,0.9830508474576272,1.0008888864391916,0.00120885098495633,2664
team9_2000_k60,2,1.0,1.0013534527148928,0.0012652415673412327,2664
team9_2000_k60,3,0.0,0.9935381316521146,0.0006344790468665091,2664
team9_2000_k60,3,0.01694915254237288,0.9949562470834177,0.0005998304413701661,2664
team9_2000_k60,3,0.03389830508474576,0.9956965013756767,0.0005684392272293401,2664
team9_2000_k60,3,0.05084745762711865,0.9965270661466472,0.0005675607840789945,2664
team9_2000_k60,3,0.06779661016949153,0.9967375486283689,0.0005649075204219516,2664
team9_2000_k60,3,0.0847457627118644,0.9977674695688326,0.0005610137205235488,2664
team9_2000_k60,3,0.1016949152542373,0.9977600813448966,0.0005635394676510793,2664
team9_2000_k60,3,0.11864406779661017,0.9980840446712734,0.0005649142770208237,2664
team9_2000_k60,3,0.13559322033898305,0.9982194744565107,0.0005703659508992012,2664
team9_2000_k60,3,0.15254237288135594,0.998414677497861,0.0005653815968537965,2664
team9_2000_k60,3,0.1694915254237288,0.9983819705453721,0.0005605778973022684,2664
team9_2000_k60,3,0.1864406779661017,0.9991079891497666,0.0005702456180400365,2664
team9_2000_k60,3,0.2033898305084746,0.9991611785985328,0.0005637553768101342,2664
team9_2000_k60,3,0.22033898305084745,0.9995089529065398,0.0005558459860502164,2664
team9_2000_k60,3,0.23728813559322035,0.9993364319608018,0.0005578687840810937,2664
team9_2000_k60,3,0.2542372881355932,0.9995982503076574,0.0005523272626814736,2664
team9_2000_k60,3,0.2711864406779661,0.9993861634675805,0.0005580832643220258,2664
team9_2000_k60,3,0.288135593220339,0.9994593365369616,0.0005468934061724393,2664
team9_2000_k60,3,0.3050847457627119,0.9991399319590749,0.000550816255607259,2664
team9_2000_k60,3,0.3220338983050847,0.9999119864480274,0.0005546912425477263,2664
team9_2000_k60,3,0.3389830508474576,0.9998413874535589,0.00055519658616408,2664
team9_2000_k60,3,0.3559322033898305,1.0002550727522768,0.0005659613134723785,2664
team9_2000_k60,3,0.3728813559322034,1.000163991462898,0.000552897995649494,2664
team9_2000_k60,3,0.3898305084745763,1.0004357248768434,0.0005631781933979431,2664
team9_2000_k60,3,0.4067796610169492,1.0002419538012854,0.0005546552382616869,2664
team9_2000_k60,3,0.423728813559322,1.0004774251723432,0.0005596265944029017,2664
team9_2000_k60,3,0.4406779661016949,1.0007325843558297,0.0005566432414632804,2664
team9_2000_k60,3,0.4576271186440678,1.0008081602038923,0.0005673776743211657,2664
team9_2000_k60,3,0.4745762711864407,1.0006470151088975,0.0005624582700123754,2664
team9_2000_k60,3,0.4915254237288136,1.0008176340534165,0.0005654884396304278,2664
team9_2000_k60,3,0.5084745762711864,1.000710076084724,0.0005653880041396351,2664
team9_2000_k60,3,0.5254237288135594,1.0003962827561137,0.0005681617236030451,2664
team9_2000_k60,3,0.5423728813559322,1.0006631046265095,0.0005715965517377185,2664
team9_2000_k60,3,0.559322033898305,1.000414295552729,0.0005569197915758151,2664
team9_2000_k60,3,0.576271186440678,1.001002452059372,0.0005653327303623903,2664
team9_2000_k60,3,0.5932203389830508,1.0008960734974515,0.0005564176212821633,2664
team9_2000_k60,3,0.6101694915254238,1.000751239558061,0.0005707296139614755,2664
team9_2000_k60,3,0.6271186440677966,1.0004191713200674,0.0005548890099737799,2664
team9_2000_k60,3,0.6440677966101694,1.0008798028613712,0.0005769412469408482,2664
team9_2000_k60,3,0.6610169491525424,1.0009127868501633,0.0005837895493064774,2664
team9_2000_k60,3,0.6779661016949152,1.001265298228364,0.0005724703663054497,2664
team9_2000_k60,3,0.6949152542372882,1.0012579979347036,0.0005743785834583031,2664
team9_2000_k60,3,0.711864406779661,1.0015811954398413,0.0005811660970381664,2664
team9_2000_k60,3,0.7288135593220338,1.0014797685606343,0.0005735005159507628,2664
team9_2000_k60,3,0.7457627118644068,1.0011893123298794,0.0005817629298933826,2664
team9_2000_k60,3,0.7627118644067796,1.0012715768080216,0.0005858251349876638,2664
team9_2000_k60,3,0.7796610169491526,1.0024294495224595,0.0005892041617243988,2664
team9_2000_k60,3,0.7966101694915254,1.0018400131940126,0.000596824438763528,2664
team9_2000_k60,3,0.8135593220338984,1.0015826544335655,0.0005826244561080813,2664
team9_2000_k60,3,0.8305084745762712,1.0014682079891901,0.0005923717493814751,2664
team9_2000_k60,3,0.847457627118644,1.001516175811534,0.000582670070633954,2664
team9_2000_k60,3,0.864406779661017,1.0019016904650149,0.0005849482695887355,2664
team9_2000_k60,3,0.8813559322033898,1.0014957241467886,0.0005824444815228875,2664
team9_2000_k60,3,0.8983050847457628,1.00146854116215,0.0005998004211591855,2664
team9_2000_k60,3,0.9152542372881356,1.001199415898896,0.0006064242846390772,2664
team9_2000_k60,3,0.9322033898305084,1.0012413672543503,0.0006034890005394894,2664
team9_2000_k60,3,0.9491525423728814,1.0014442145242706,0.0006047607187453912,2664
team9_2000_k60,3,0.9661016949152542,1.0010114872643538,0.0006077563983110623,2664
team9_2000_k60,3,0.9830508474576272,1.0007495815018277,0.0006158384591389239,2664
team9_2000_k60,3,1.0,1.0004466456380692,0.0006321562579007232,2664
team9_2000_k60,4,0.0,1.0058639258504272,0.00044630663453324766,2664
team9_2000_k60,4,0.01694915254237288,1.005461967004849,0.0004332947006736118,2664
team9_2000_k60,4,0.03389830508474576,1.004578271785656,0.00041660538784468184,2664
team9_2000_k60,4,0.05084745762711865,1.0041349519032974,0.0004167361450626358,2664
team9_2000_k60,4,0.06779661016949153,1.0033648045616106,0.00039964289959670444,2664
team9_2000_k60,4,0.0847457627118644,1.0032157591647572,0.0004085135056625098,2664
team9_2000_k60,4,0.1016949152542373,1.00301923361179,0.0003967654675745512,2664
team9_2000_k60,4,0.11864406779661017,1.0027318214466263,0.0003964157491475236,2664
team9_2000_k60,4,0.13559322033898305,1.0026352681197204,0.00038895349939380435,2664
team9_2000_k60,4,0.15254237288135594,1.0021669587886728,0.00038196490002293936,2664
team9_2000_k60,4,0.1694915254237288,1.0017396272258,0.0003888161323798752,2664
team9_2000_k60,4,0.1864406779661017,1.0017981945841878,0.00038306957191087005,2664
team9_2000_k60,4,0.2033898305084746,1.0013001760965712,0.0003885912684841817,2664
team9_2000_k60,4,0.22033898305084745,1.0012517277453397,0.00037900727343191274,2664
team9_2000_k60,4,0.23728813559322035,1.0011543692634985,0.00039417588909927736,2664
team9_2000_k60,4,0.2542372881355932,1.0012992055521712,0.00038067377183134866,2664
team9_2000_k60,4,0.2711864406779661,1.0008033004116725,0.00037936148142460557,2664
team9_2000_k60,4,0.288135593220339,1.0005045987822272,0.00038064609892180537,2664
team9_2000_k60,4,0.3050847457627119,1.0005091252672422,0.0003809074663968605,2664
team9_2000_k60,4,0.3220338983050847,1.0003865514028896,0.00037947756889883144,2664
team9_2000_k60,4,0.3389830508474576,1.0003212674467772,0.00038026236929030355,2664
team9_2000_k60,4,0.3559322033898305,1.0005370783913243,0.0003716297854662005,2664
team9_2000_k60,4,0.3728813559322034,1.00009432490971,0.00037886734696503154,2664
team9_2000_k60,4,0.3898305084745763,0.9999867367807094,0.00038289482398702374,2664
team9_2000_k60,4,0.4067796610169492,1.000002803275356,0.0003879917521823706,2664
team9_2000_k60,4,0.423728813559322,0.9995947682463729,0.00038099793757682786,2664
team9_2000_k60,4,0.4406779661016949,0.9995486211624589,0.0003815751247918461,2664
team9_2000_k60,4,0.4576271186440678,0.9996135165249264,0.0003871009887994202,2664
team9_2000_k60,4,0.4745762711864407,0.9996173533949408,0.00038283907274563737,2664
team9_2000_k60,4,0.4915254237288136,0.9993907675236553,0.000379798567674232,2664
team9_2000_k60,4,0.5084745762711864,0.9996578251501104,0.0003828287224062413,2664
team9_2000_k60,4,0.5254237288135594,0.9991058370283058,0.00038689886655516654,2664
team9_2000_k60,4,0.5423728813559322,0.9993230107355047,0.00038428547560466806,2664
team9_2000_k60,4,0.559322033898305,0.9992935423244227,0.00038264426752136337,2664
team9_2000_k60,4,0.576271186440678,0.9990765683509566,0.00038867552333958185,2664
team9_2000_k60,4,0.5932203389830508,0.9991637040768657,0.00037975949327608433,2664
team9_2000_k60,4,0.6101694915254238,0.9987854298439112,0.0003870752402020764,2664
team9_2000_k60,4,0.6271186440677966,0.9986230478406668,0.0003855663920915686,2664
team9_2000_k60,4,0.6440677966101694,0.9989144151901698,0.00037795705207431323,2664
team9_2000_k60,4,0.6610169491525424,0.9988962322831512,0.00038469665194342645,2664
team9_2000_k60,4,0.6779661016949152,0.9989855575176688,0.00038438818708707206,2664
team9_2000_k60,4,0.6949152542372882,0.9989421690727497,0.0003917487401241119,2664
team9_2000_k60,4,0.711864406779661,0.9988775563177403,0.0003961092526726874,2664
team9_2000_k60,4,0.7288135593220338,0.9989085203042259,0.0003976225312485058,2664
team9_2000_k60,4,0.7457627118644068,0.9983915378068302,0.00039856898935259114,2664
team9_2000_k60,4,0.7627118644067796,0.9985030952382374,0.0003989348545359576,2664
team9_2000_k60,4,0.7796610169491526,0.9986459393580038,0.00040781460192413727,2664
team9_2000_k60,4,0.7966101694915254,0.9983477390206253,0.0004025906459447048,2664
team9_2000_k60,4,0.8135593220338984,0.998469688803763,0.00039923322864487433,2664
team9_2000_k60,4,0.8305084745762712,0.9979826067840015,0.00040198600797380565,2664
team9_2000_k60,4,0.847457627118644,0.9980945783826682,0.0004082882552975503,2664
team9_2000_k60,4,0.864406779661017,0.9982052639395267,0.00040072980620810603,2664
team9_2000_k60,4,0.8813559322033898,0.9980115544599097,0.0004034307629926418,2664
team9_2000_k60,4,0.8983050847457628,0.9978262508237684,0.0003997789736547357,2664
team9_2000_k60,4,0.9152542372881356,0.9977867580256663,0.00041435461018255327,2664
team9_2000_k60,4,0.9322033898305084,0.99754946625179,0.0004057270591519528,2664
team9_2000_k60,4,0.9491525423728814,0.9976089582428918,0.0004138483476920009,2664
team9_2000_k60,4,0.9661016949152542,0.997067622169181,0.00041654899515601286,2664
team9_2000_k60,4,0.9830508474576272,0.9971292516043236,0.0004122938562578349,2664
team9_2000_k60,4,1.0,0.9971993051849686,0.0004313590158131643,2664
