scenario,head,feature,spearman_rho,n_tokens
id_2000_k60,1,uncertainty,0.04916113080310405,213120
id_2000_k60,1,age,0.11113524944489281,213120
id_2000_k60,1,visibility,-0.11764387657387336,213120
id_2000_k60,1,quality,-0.1613650274601599,213120
id_2000_k60,1,slew,0.10492138820268435,213120
id_2000_k60,1,rel_speed,0.0648864569843282,213120
id_2000_k60,2,uncertainty,-0.01224050861883297,213120
id_2000_k60,2,age,-0.045913281729654705,213120
id_2000_k60,2,visibility,0.05202122574977306,213120
id_2000_k60,2,quality,-0.17998306514707563,213120
id_2000_k60,2,slew,0.2351845026754904,213120
id_2000_k60,2,rel_speed,0.018880483934125118,213120
id_2000_k60,3,uncertainty,-0.023050940556150593,213120
id_2000_k60,3,age,-0.03763463300497368,213120
id_2000_k60,3,visibility,-0.1216016614147122,213120
id_2000_k60,3,quality,-0.5092856356542216,213120
id_2000_k60,3,slew,0.459510661124417,213120
id_2000_k60,3,rel_speed,-0.022187818413590944,213120
id_2000_k60,4,uncertainty,0.04934979801580466,213120
id_2000_k60,4,age,0.12943514509039886,213120
id_2000_k60,4,visibility,-0.0678599142836324,213120
id_2000_k60,4,quality,-0.3388708190241239,213120
id_2000_k60,4,slew,0.29503981128657863,213120
id_2000_k60,4,rel_speed,-0.01720505222314197,213120
scale_5000_k60,1,uncertainty,0.004036851876392362,213120
scale_5000_k60,1,age,0.002103361604339731,213120
scale_5000_k60,1,visibility,-0.11265171638557443,213120
scale_5000_k60,1,quality,-0.11168436173017411,213120
scale_5000_k60,1,slew,0.0681770350470786,213120
scale_5000_k60,1,rel_speed,0.08511665479049232,213120
scale_5000_k60,2,uncertainty,-0.01282916978613096,213120
scale_5000_k60,2,age,-0.0034972818061065687,213120
scale_5000_k60,2,visibility,0.0415247480132234,213120
scale_5000_k60,2,quality,-0.15879733556646003,213120
scale_5000_k60,2,slew,0.20633509658907576,213120
scale_5000_k60,2,rel_speed,0.025900443533288388,213120
scale_5000_k60,3,uncertainty,-0.023486843734484546,213120
scale_5000_k60,3,age,0.0021210333731682737,213120
scale_5000_k60,3,visibility,-0.12458241731934178,213120
scale_5000_k60,3,quality,-0.5113586153634609,213120
scale_5000_k60,3,slew,0.4539971486108603,213120
scale_5000_k60,3,rel_speed,-0.05357896090793292,213120
scale_5000_k60,4,uncertainty,0.003898441974363286,213120
scale_5000_k60,4,age,0.0021948838874271547,213120
scale_5000_k60,4,visibility,-0.07214718725948531,213120
scale_5000_k60,4,quality,-0.31264162265637,213120
scale_5000_k60,4,slew,0.27198016070186,213120
scale_5000_k60,4,rel_speed,0.035273525996954685,213120
id_2000_k15,1,uncertainty,0.010095147849749768,53280
id_2000_k15,1,age,0.03964322459754149,53280
id_2000_k15,1,visibility,-0.12325980719013288,53280
id_2000_k15,1,quality,-0.1379982676248625,53280
id_2000_k15,1,slew,0.08815870051846428,53280
id_2000_k15,1,rel_speed,0.06262767571372574,53280
id_2000_k15,2,uncertainty,-0.011368247073054522,53280
id_2000_k15,2,age,-0.03304724197610738,53280
id_2000_k15,2,visibility,0.04878834648725347,53280
id_2000_k15,2,quality,-0.17975322905513233,53280
id_2000_k15,2,slew,0.2366866757261973,53280
id_2000_k15,2,rel_speed,0.028448217974656808,53280
id_2000_k15,3,uncertainty,-0.010077808503553103,53280
id_2000_k15,3,age,-0.012439049343389528,53280
id_2000_k15,3,visibility,-0.12133260039615376,53280
id_2000_k15,3,quality,-0.49740747122110146,53280
id_2000_k15,3,slew,0.44965585878182535,53280
id_2000_k15,3,rel_speed,-0.018420733307897317,53280
id_2000_k15,4,uncertainty,0.008706635711297846,53280
id_2000_k15,4,age,0.05176443951524704,53280
id_2000_k15,4,visibility,-0.07071743328705961,53280
id_2000_k15,4,quality,-0.3300622451485359,53280
id_2000_k15,4,slew,0.2986189956117098,53280
id_2000_k15,4,rel_speed,-0.0009836897409119692,53280
retrograde_2000_k60,1,uncertainty,0.022575362399877417,213120
retrograde_2000_k60,1,age,0.0559713607741004,213120
retrograde_2000_k60,1,visibility,-0.14693457533658758,213120
retrograde_2000_k60,1,quality,-0.1171093399344278,213120
retrograde_2000_k60,1,slew,0.09334084392421847,213120
retrograde_2000_k60,1,rel_speed,0.0011822885180141846,213120
retrograde_2000_k60,2,uncertainty,-0.005037301982306686,213120
retrograde_2000_k60,2,age,-0.02496520073409925,213120
retrograde_2000_k60,2,visibility,0.08145781695621714,213120
retrograde_2000_k60,2,quality,-0.1649464633056318,213120
retrograde_2000_k60,2,slew,0.20578253875605268,213120
retrograde_2000_k60,2,rel_speed,0.05459457347475713,213120
retrograde_2000_k60,3,uncertainty,-0.03586141471332835,213120
retrograde_2000_k60,3,age,-0.06967810400385151,213120
retrograde_2000_k60,3,visibility,-0.15164483472097628,213120
retrograde_2000_k60,3,quality,-0.4666716268150635,213120
retrograde_2000_k60,3,slew,0.39555662261621555,213120
retrograde_2000_k60,3,rel_speed,-0.003191508889906405,213120
retrograde_2000_k60,4,uncertainty,0.022213199576282597,213120
retrograde_2000_k60,4,age,0.09028312341015808,213120
retrograde_2000_k60,4,visibility,-0.0878456976139967,213120
retrograde_2000_k60,4,quality,-0.364287027971883,213120
retrograde_2000_k60,4,slew,0.33028945731841686,213120
retrograde_2000_k60,4,rel_speed,-0.002688998261796468,213120
team9_2000_k60,1,uncertainty,0.04580519942238965,159840
team9_2000_k60,1,age,0.11752193282425914,159840
team9_2000_k60,1,visibility,-0.12096756363777711,159840
team9_2000_k60,1,quality,-0.15923411746254001,159840
team9_2000_k60,1,slew,0.10302324836454206,159840
team9_2000_k60,1,rel_speed,0.058589566115017644,159840
team9_2000_k60,2,uncertainty,-0.014907251897978452,159840
team9_2000_k60,2,age,-0.041735706409484,159840
team9_2000_k60,2,visibility,0.0561196363100007,159840
team9_2000_k60,2,quality,-0.17811981183201564,159840
team9_2000_k60,2,slew,0.23353255023884606,159840
team9_2000_k60,2,rel_speed,0.01508613506802319,159840
team9_2000_k60,3,uncertainty,-0.03356465589744003,159840
team9_2000_k60,3,age,-0.06948535349638586,159840
team9_2000_k60,3,visibility,-0.1264368008284386,159840
team9_2000_k60,3,quality,-0.506194738443524,159840
team9_2000_k60,3,slew,0.4544198835798001,159840
team9_2000_k60,3,rel_speed,-0.02829484100452564,159840
team9_2000_k60,4,uncertainty,0.03637769516133167,159840
team9_2000_k60,4,age,0.12140609136252209,159840
team9_2000_k60,4,visibility,-0.06850423416357707,159840
team9_2000_k60,4,quality,-0.3294037368707436,159840
team9_2000_k60,4,slew,0.2898720119795164,159840
team9_2000_k60,4,rel_speed,-0.02748315689721876,159840
