scenario,head,feature,spearman_rho,n_tokens,association_method
id_2000_k60,1,uncertainty,0.049161130803104,213120,spearman
id_2000_k60,1,age,0.1111352494448928,213120,spearman
id_2000_k60,1,visibility,-0.16326694767661848,213120,point_biserial
id_2000_k60,1,quality,-0.1613650274601599,213120,spearman
id_2000_k60,1,slew,0.1049213882026843,213120,spearman
id_2000_k60,1,relative_speed,0.0648864569843282,213120,spearman
id_2000_k60,2,uncertainty,-0.0122405086188329,213120,spearman
id_2000_k60,2,age,-0.0459132817296547,213120,spearman
id_2000_k60,2,visibility,0.04409071225182115,213120,point_biserial
id_2000_k60,2,quality,-0.1799830651470756,213120,spearman
id_2000_k60,2,slew,0.2351845026754904,213120,spearman
id_2000_k60,2,relative_speed,0.0188804839341251,213120,spearman
id_2000_k60,3,uncertainty,-0.0230509405561505,213120,spearman
id_2000_k60,3,age,-0.0376346330049736,213120,spearman
id_2000_k60,3,visibility,-0.13440991915859263,213120,point_biserial
id_2000_k60,3,quality,-0.5092856356542216,213120,spearman
id_2000_k60,3,slew,0.459510661124417,213120,spearman
id_2000_k60,3,relative_speed,-0.0221878184135909,213120,spearman
id_2000_k60,4,uncertainty,0.0493497980158046,213120,spearman
id_2000_k60,4,age,0.1294351450903988,213120,spearman
id_2000_k60,4,visibility,-0.06469173900476469,213120,point_biserial
id_2000_k60,4,quality,-0.3388708190241239,213120,spearman
id_2000_k60,4,slew,0.2950398112865786,213120,spearman
id_2000_k60,4,relative_speed,-0.0172050522231419,213120,spearman
scale_5000_k60,1,uncertainty,0.0040368518763923,213120,spearman
scale_5000_k60,1,age,0.0021033616043397,213120,spearman
scale_5000_k60,1,visibility,-0.14633821272068462,213120,point_biserial
scale_5000_k60,1,quality,-0.1116843617301741,213120,spearman
scale_5000_k60,1,slew,0.0681770350470786,213120,spearman
scale_5000_k60,1,relative_speed,0.0851166547904923,213120,spearman
scale_5000_k60,2,uncertainty,-0.0128291697861309,213120,spearman
scale_5000_k60,2,age,-0.0034972818061065,213120,spearman
scale_5000_k60,2,visibility,0.03230480064352809,213120,point_biserial
scale_5000_k60,2,quality,-0.15879733556646,213120,spearman
scale_5000_k60,2,slew,0.2063350965890757,213120,spearman
scale_5000_k60,2,relative_speed,0.0259004435332883,213120,spearman
scale_5000_k60,3,uncertainty,-0.0234868437344845,213120,spearman
scale_5000_k60,3,age,0.0021210333731682,213120,spearman
scale_5000_k60,3,visibility,-0.1333359591310211,213120,point_biserial
scale_5000_k60,3,quality,-0.5113586153634609,213120,spearman
scale_5000_k60,3,slew,0.4539971486108603,213120,spearman
scale_5000_k60,3,relative_speed,-0.0535789609079329,213120,spearman
scale_5000_k60,4,uncertainty,0.0038984419743632,213120,spearman
scale_5000_k60,4,age,0.0021948838874271,213120,spearman
scale_5000_k60,4,visibility,-0.06783628896129672,213120,point_biserial
scale_5000_k60,4,quality,-0.31264162265637,213120,spearman
scale_5000_k60,4,slew,0.27198016070186,213120,spearman
scale_5000_k60,4,relative_speed,0.0352735259969546,213120,spearman
id_2000_k15,1,uncertainty,0.0100951478497497,53280,spearman
id_2000_k15,1,age,0.0396432245975414,53280,spearman
id_2000_k15,1,visibility,-0.1697215095075415,53280,point_biserial
id_2000_k15,1,quality,-0.1379982676248625,53280,spearman
id_2000_k15,1,slew,0.0881587005184642,53280,spearman
id_2000_k15,1,relative_speed,0.0626276757137257,53280,spearman
id_2000_k15,2,uncertainty,-0.0113682470730545,53280,spearman
id_2000_k15,2,age,-0.0330472419761073,53280,spearman
id_2000_k15,2,visibility,0.04024186294395646,53280,point_biserial
id_2000_k15,2,quality,-0.1797532290551323,53280,spearman
id_2000_k15,2,slew,0.2366866757261973,53280,spearman
id_2000_k15,2,relative_speed,0.0284482179746568,53280,spearman
id_2000_k15,3,uncertainty,-0.0100778085035531,53280,spearman
id_2000_k15,3,age,-0.0124390493433895,53280,spearman
id_2000_k15,3,visibility,-0.12918593574693313,53280,point_biserial
id_2000_k15,3,quality,-0.4974074712211014,53280,spearman
id_2000_k15,3,slew,0.4496558587818253,53280,spearman
id_2000_k15,3,relative_speed,-0.0184207333078973,53280,spearman
id_2000_k15,4,uncertainty,0.0087066357112978,53280,spearman
id_2000_k15,4,age,0.051764439515247,53280,spearman
id_2000_k15,4,visibility,-0.06712058633344667,53280,point_biserial
id_2000_k15,4,quality,-0.3300622451485359,53280,spearman
id_2000_k15,4,slew,0.2986189956117098,53280,spearman
id_2000_k15,4,relative_speed,-0.0009836897409119,53280,spearman
retrograde_2000_k60,1,uncertainty,0.0225753623998774,213120,spearman
retrograde_2000_k60,1,age,0.0559713607741004,213120,spearman
retrograde_2000_k60,1,visibility,-0.20588147580505067,213120,point_biserial
retrograde_2000_k60,1,quality,-0.1171093399344278,213120,spearman
retrograde_2000_k60,1,slew,0.0933408439242184,213120,spearman
retrograde_2000_k60,1,relative_speed,0.0011822885180141,213120,spearman
retrograde_2000_k60,2,uncertainty,-0.0050373019823066,213120,spearman
retrograde_2000_k60,2,age,-0.0249652007340992,213120,spearman
retrograde_2000_k60,2,visibility,0.07558486996600973,213120,point_biserial
retrograde_2000_k60,2,quality,-0.1649464633056318,213120,spearman
retrograde_2000_k60,2,slew,0.2057825387560526,213120,spearman
retrograde_2000_k60,2,relative_speed,0.0545945734747571,213120,spearman
retrograde_2000_k60,3,uncertainty,-0.0358614147133283,213120,spearman
retrograde_2000_k60,3,age,-0.0696781040038515,213120,spearman
retrograde_2000_k60,3,visibility,-0.16056823133433581,213120,point_biserial
retrograde_2000_k60,3,quality,-0.4666716268150635,213120,spearman
retrograde_2000_k60,3,slew,0.3955566226162155,213120,spearman
retrograde_2000_k60,3,relative_speed,-0.0031915088899064,213120,spearman
retrograde_2000_k60,4,uncertainty,0.0222131995762825,213120,spearman
retrograde_2000_k60,4,age,0.090283123410158,213120,spearman
retrograde_2000_k60,4,visibility,-0.08059535702351237,213120,point_biserial
retrograde_2000_k60,4,quality,-0.364287027971883,213120,spearman
retrograde_2000_k60,4,slew,0.3302894573184168,213120,spearman
retrograde_2000_k60,4,relative_speed,-0.0026889982617964,213120,spearman
team9_2000_k60,1,uncertainty,0.0458051994223896,159840,spearman
team9_2000_k60,1,age,0.1175219328242591,159840,spearman
team9_2000_k60,1,visibility,-0.16618782569508472,159840,point_biserial
team9_2000_k60,1,quality,-0.15923411746254,159840,spearman
team9_2000_k60,1,slew,0.103023248364542,159840,spearman
team9_2000_k60,1,relative_speed,0.0585895661150176,159840,spearman
team9_2000_k60,2,uncertainty,-0.0149072518979784,159840,spearman
team9_2000_k60,2,age,-0.041735706409484,159840,spearman
team9_2000_k60,2,visibility,0.047593725886631404,159840,point_biserial
team9_2000_k60,2,quality,-0.1781198118320156,159840,spearman
team9_2000_k60,2,slew,0.233532550238846,159840,spearman
team9_2000_k60,2,relative_speed,0.0150861350680231,159840,spearman
team9_2000_k60,3,uncertainty,-0.03356465589744,159840,spearman
team9_2000_k60,3,age,-0.0694853534963858,159840,spearman
team9_2000_k60,3,visibility,-0.1399125178588261,159840,point_biserial
team9_2000_k60,3,quality,-0.506194738443524,159840,spearman
team9_2000_k60,3,slew,0.4544198835798001,159840,spearman
team9_2000_k60,3,relative_speed,-0.0282948410045256,159840,spearman
team9_2000_k60,4,uncertainty,0.0363776951613316,159840,spearman
team9_2000_k60,4,age,0.121406091362522,159840,spearman
team9_2000_k60,4,visibility,-0.06479970689051848,159840,point_biserial
team9_2000_k60,4,quality,-0.3294037368707436,159840,spearman
team9_2000_k60,4,slew,0.2898720119795164,159840,spearman
team9_2000_k60,4,relative_speed,-0.0274831568972187,159840,spearman
